Timing Analyzer report for Design_Game_VGA
Fri Jul 17 20:03:47 2026
Quartus Prime Version 18.1.0 Build 625 09/12/2018 SJ Lite Edition


---------------------
; Table of Contents ;
---------------------
  1. Legal Notice
  2. Timing Analyzer Summary
  3. Parallel Compilation
  4. Clocks
  5. Slow 1200mV 85C Model Fmax Summary
  6. Timing Closure Recommendations
  7. Slow 1200mV 85C Model Setup Summary
  8. Slow 1200mV 85C Model Hold Summary
  9. Slow 1200mV 85C Model Recovery Summary
 10. Slow 1200mV 85C Model Removal Summary
 11. Slow 1200mV 85C Model Minimum Pulse Width Summary
 12. Slow 1200mV 85C Model Setup: 'clock_1|altpll_component|auto_generated|pll1|clk[0]'
 13. Slow 1200mV 85C Model Hold: 'clock_1|altpll_component|auto_generated|pll1|clk[0]'
 14. Slow 1200mV 85C Model Metastability Summary
 15. Slow 1200mV 0C Model Fmax Summary
 16. Slow 1200mV 0C Model Setup Summary
 17. Slow 1200mV 0C Model Hold Summary
 18. Slow 1200mV 0C Model Recovery Summary
 19. Slow 1200mV 0C Model Removal Summary
 20. Slow 1200mV 0C Model Minimum Pulse Width Summary
 21. Slow 1200mV 0C Model Setup: 'clock_1|altpll_component|auto_generated|pll1|clk[0]'
 22. Slow 1200mV 0C Model Hold: 'clock_1|altpll_component|auto_generated|pll1|clk[0]'
 23. Slow 1200mV 0C Model Metastability Summary
 24. Fast 1200mV 0C Model Setup Summary
 25. Fast 1200mV 0C Model Hold Summary
 26. Fast 1200mV 0C Model Recovery Summary
 27. Fast 1200mV 0C Model Removal Summary
 28. Fast 1200mV 0C Model Minimum Pulse Width Summary
 29. Fast 1200mV 0C Model Setup: 'clock_1|altpll_component|auto_generated|pll1|clk[0]'
 30. Fast 1200mV 0C Model Hold: 'clock_1|altpll_component|auto_generated|pll1|clk[0]'
 31. Fast 1200mV 0C Model Metastability Summary
 32. Multicorner Timing Analysis Summary
 33. Board Trace Model Assignments
 34. Input Transition Times
 35. Signal Integrity Metrics (Slow 1200mv 0c Model)
 36. Signal Integrity Metrics (Slow 1200mv 85c Model)
 37. Signal Integrity Metrics (Fast 1200mv 0c Model)
 38. Setup Transfers
 39. Hold Transfers
 40. Report TCCS
 41. Report RSKM
 42. Unconstrained Paths Summary
 43. Clock Status Summary
 44. Unconstrained Input Ports
 45. Unconstrained Output Ports
 46. Unconstrained Input Ports
 47. Unconstrained Output Ports
 48. Timing Analyzer Messages



----------------
; Legal Notice ;
----------------
Copyright (C) 2018  Intel Corporation. All rights reserved.
Your use of Intel Corporation's design tools, logic functions 
and other software and tools, and its AMPP partner logic 
functions, and any output files from any of the foregoing 
(including device programming or simulation files), and any 
associated documentation or information are expressly subject 
to the terms and conditions of the Intel Program License 
Subscription Agreement, the Intel Quartus Prime License Agreement,
the Intel FPGA IP License Agreement, or other applicable license
agreement, including, without limitation, that your use is for
the sole purpose of programming logic devices manufactured by
Intel and sold by Intel or its authorized distributors.  Please
refer to the applicable agreement for further details.



+-----------------------------------------------------------------------------+
; Timing Analyzer Summary                                                     ;
+-----------------------+-----------------------------------------------------+
; Quartus Prime Version ; Version 18.1.0 Build 625 09/12/2018 SJ Lite Edition ;
; Timing Analyzer       ; Legacy Timing Analyzer                              ;
; Revision Name         ; Design_Game_VGA                                     ;
; Device Family         ; Cyclone IV E                                        ;
; Device Name           ; EP4CE115F29C7                                       ;
; Timing Models         ; Final                                               ;
; Delay Model           ; Combined                                            ;
; Rise/Fall Delays      ; Enabled                                             ;
+-----------------------+-----------------------------------------------------+


+------------------------------------------+
; Parallel Compilation                     ;
+----------------------------+-------------+
; Processors                 ; Number      ;
+----------------------------+-------------+
; Number detected on machine ; 12          ;
; Maximum allowed            ; 10          ;
;                            ;             ;
; Average used               ; 1.05        ;
; Maximum used               ; 10          ;
;                            ;             ;
; Usage by Processor         ; % Time Used ;
;     Processor 1            ; 100.0%      ;
;     Processors 2-10        ;   0.5%      ;
+----------------------------+-------------+


+------------------------------------------------------------------------------------------------------------------------------------------------------------------------------------------------------------------------------------------------------------------------------------------------------------------------------+
; Clocks                                                                                                                                                                                                                                                                                                                       ;
+-----------------------------------------------------+-----------+--------+-----------+-------+--------+------------+-----------+-------------+-------+--------+-----------+------------+----------+--------+-------------------------------------------------------+---------------------------------------------------------+
; Clock Name                                          ; Type      ; Period ; Frequency ; Rise  ; Fall   ; Duty Cycle ; Divide by ; Multiply by ; Phase ; Offset ; Edge List ; Edge Shift ; Inverted ; Master ; Source                                                ; Targets                                                 ;
+-----------------------------------------------------+-----------+--------+-----------+-------+--------+------------+-----------+-------------+-------+--------+-----------+------------+----------+--------+-------------------------------------------------------+---------------------------------------------------------+
; clk                                                 ; Base      ; 20.000 ; 50.0 MHz  ; 0.000 ; 10.000 ;            ;           ;             ;       ;        ;           ;            ;          ;        ;                                                       ; { clk }                                                 ;
; clock_1|altpll_component|auto_generated|pll1|clk[0] ; Generated ; 12.121 ; 82.5 MHz  ; 0.000 ; 6.060  ; 50.00      ; 20        ; 33          ;       ;        ;           ;            ; false    ; clk    ; clock_1|altpll_component|auto_generated|pll1|inclk[0] ; { clock_1|altpll_component|auto_generated|pll1|clk[0] } ;
+-----------------------------------------------------+-----------+--------+-----------+-------+--------+------------+-----------+-------------+-------+--------+-----------+------------+----------+--------+-------------------------------------------------------+---------------------------------------------------------+


+-------------------------------------------------------------------------------------------+
; Slow 1200mV 85C Model Fmax Summary                                                        ;
+------------+-----------------+-----------------------------------------------------+------+
; Fmax       ; Restricted Fmax ; Clock Name                                          ; Note ;
+------------+-----------------+-----------------------------------------------------+------+
; 117.14 MHz ; 117.14 MHz      ; clock_1|altpll_component|auto_generated|pll1|clk[0] ;      ;
+------------+-----------------+-----------------------------------------------------+------+
This panel reports FMAX for every clock in the design, regardless of the user-specified clock periods.  FMAX is only computed for paths where the source and destination registers or ports are driven by the same clock.  Paths of different clocks, including generated clocks, are ignored.  For paths between a clock and its inversion, FMAX is computed as if the rising and falling edges are scaled along with FMAX, such that the duty cycle (in terms of a percentage) is maintained. Altera recommends that you always use clock constraints and other slack reports for sign-off analysis.


----------------------------------
; Timing Closure Recommendations ;
----------------------------------
HTML report is unavailable in plain text report export.


+-----------------------------------------------------------------------------+
; Slow 1200mV 85C Model Setup Summary                                         ;
+-----------------------------------------------------+-------+---------------+
; Clock                                               ; Slack ; End Point TNS ;
+-----------------------------------------------------+-------+---------------+
; clock_1|altpll_component|auto_generated|pll1|clk[0] ; 1.792 ; 0.000         ;
+-----------------------------------------------------+-------+---------------+


+-----------------------------------------------------------------------------+
; Slow 1200mV 85C Model Hold Summary                                          ;
+-----------------------------------------------------+-------+---------------+
; Clock                                               ; Slack ; End Point TNS ;
+-----------------------------------------------------+-------+---------------+
; clock_1|altpll_component|auto_generated|pll1|clk[0] ; 0.403 ; 0.000         ;
+-----------------------------------------------------+-------+---------------+


------------------------------------------
; Slow 1200mV 85C Model Recovery Summary ;
------------------------------------------
No paths to report.


-----------------------------------------
; Slow 1200mV 85C Model Removal Summary ;
-----------------------------------------
No paths to report.


+-----------------------------------------------------------------------------+
; Slow 1200mV 85C Model Minimum Pulse Width Summary                           ;
+-----------------------------------------------------+-------+---------------+
; Clock                                               ; Slack ; End Point TNS ;
+-----------------------------------------------------+-------+---------------+
; clock_1|altpll_component|auto_generated|pll1|clk[0] ; 5.770 ; 0.000         ;
; clk                                                 ; 9.819 ; 0.000         ;
+-----------------------------------------------------+-------+---------------+


+-------------------------------------------------------------------------------------------------------------------------------------------------------------------------------------------------------------------+
; Slow 1200mV 85C Model Setup: 'clock_1|altpll_component|auto_generated|pll1|clk[0]'                                                                                                                                ;
+-------+---------------------------------------+--------------+-----------------------------------------------------+-----------------------------------------------------+--------------+------------+------------+
; Slack ; From Node                             ; To Node      ; Launch Clock                                        ; Latch Clock                                         ; Relationship ; Clock Skew ; Data Delay ;
+-------+---------------------------------------+--------------+-----------------------------------------------------+-----------------------------------------------------+--------------+------------+------------+
; 1.792 ; vga_controller:vga_1|counter_y_reg[9] ; vga_r_reg[0] ; clock_1|altpll_component|auto_generated|pll1|clk[0] ; clock_1|altpll_component|auto_generated|pll1|clk[0] ; 6.060        ; -0.092     ; 4.174      ;
; 1.792 ; vga_controller:vga_1|counter_y_reg[9] ; vga_r_reg[3] ; clock_1|altpll_component|auto_generated|pll1|clk[0] ; clock_1|altpll_component|auto_generated|pll1|clk[0] ; 6.060        ; -0.092     ; 4.174      ;
; 1.792 ; vga_controller:vga_1|counter_y_reg[9] ; vga_r_reg[5] ; clock_1|altpll_component|auto_generated|pll1|clk[0] ; clock_1|altpll_component|auto_generated|pll1|clk[0] ; 6.060        ; -0.092     ; 4.174      ;
; 1.792 ; vga_controller:vga_1|counter_y_reg[9] ; vga_g_reg[0] ; clock_1|altpll_component|auto_generated|pll1|clk[0] ; clock_1|altpll_component|auto_generated|pll1|clk[0] ; 6.060        ; -0.092     ; 4.174      ;
; 1.792 ; vga_controller:vga_1|counter_y_reg[9] ; vga_g_reg[2] ; clock_1|altpll_component|auto_generated|pll1|clk[0] ; clock_1|altpll_component|auto_generated|pll1|clk[0] ; 6.060        ; -0.092     ; 4.174      ;
; 1.792 ; vga_controller:vga_1|counter_y_reg[9] ; vga_g_reg[5] ; clock_1|altpll_component|auto_generated|pll1|clk[0] ; clock_1|altpll_component|auto_generated|pll1|clk[0] ; 6.060        ; -0.092     ; 4.174      ;
; 1.792 ; vga_controller:vga_1|counter_y_reg[9] ; vga_g_reg[6] ; clock_1|altpll_component|auto_generated|pll1|clk[0] ; clock_1|altpll_component|auto_generated|pll1|clk[0] ; 6.060        ; -0.092     ; 4.174      ;
; 1.792 ; vga_controller:vga_1|counter_y_reg[9] ; vga_g_reg[7] ; clock_1|altpll_component|auto_generated|pll1|clk[0] ; clock_1|altpll_component|auto_generated|pll1|clk[0] ; 6.060        ; -0.092     ; 4.174      ;
; 1.792 ; vga_controller:vga_1|counter_y_reg[9] ; vga_b_reg[0] ; clock_1|altpll_component|auto_generated|pll1|clk[0] ; clock_1|altpll_component|auto_generated|pll1|clk[0] ; 6.060        ; -0.092     ; 4.174      ;
; 1.792 ; vga_controller:vga_1|counter_y_reg[9] ; vga_b_reg[1] ; clock_1|altpll_component|auto_generated|pll1|clk[0] ; clock_1|altpll_component|auto_generated|pll1|clk[0] ; 6.060        ; -0.092     ; 4.174      ;
; 1.792 ; vga_controller:vga_1|counter_y_reg[9] ; vga_b_reg[2] ; clock_1|altpll_component|auto_generated|pll1|clk[0] ; clock_1|altpll_component|auto_generated|pll1|clk[0] ; 6.060        ; -0.092     ; 4.174      ;
; 1.792 ; vga_controller:vga_1|counter_y_reg[9] ; vga_b_reg[3] ; clock_1|altpll_component|auto_generated|pll1|clk[0] ; clock_1|altpll_component|auto_generated|pll1|clk[0] ; 6.060        ; -0.092     ; 4.174      ;
; 1.792 ; vga_controller:vga_1|counter_y_reg[9] ; vga_b_reg[4] ; clock_1|altpll_component|auto_generated|pll1|clk[0] ; clock_1|altpll_component|auto_generated|pll1|clk[0] ; 6.060        ; -0.092     ; 4.174      ;
; 1.792 ; vga_controller:vga_1|counter_y_reg[9] ; vga_b_reg[5] ; clock_1|altpll_component|auto_generated|pll1|clk[0] ; clock_1|altpll_component|auto_generated|pll1|clk[0] ; 6.060        ; -0.092     ; 4.174      ;
; 1.792 ; vga_controller:vga_1|counter_y_reg[9] ; vga_b_reg[6] ; clock_1|altpll_component|auto_generated|pll1|clk[0] ; clock_1|altpll_component|auto_generated|pll1|clk[0] ; 6.060        ; -0.092     ; 4.174      ;
; 1.792 ; vga_controller:vga_1|counter_y_reg[9] ; vga_b_reg[7] ; clock_1|altpll_component|auto_generated|pll1|clk[0] ; clock_1|altpll_component|auto_generated|pll1|clk[0] ; 6.060        ; -0.092     ; 4.174      ;
; 1.848 ; vga_controller:vga_1|counter_x_reg[3] ; vga_r_reg[0] ; clock_1|altpll_component|auto_generated|pll1|clk[0] ; clock_1|altpll_component|auto_generated|pll1|clk[0] ; 6.060        ; -0.108     ; 4.102      ;
; 1.848 ; vga_controller:vga_1|counter_x_reg[3] ; vga_r_reg[3] ; clock_1|altpll_component|auto_generated|pll1|clk[0] ; clock_1|altpll_component|auto_generated|pll1|clk[0] ; 6.060        ; -0.108     ; 4.102      ;
; 1.848 ; vga_controller:vga_1|counter_x_reg[3] ; vga_r_reg[5] ; clock_1|altpll_component|auto_generated|pll1|clk[0] ; clock_1|altpll_component|auto_generated|pll1|clk[0] ; 6.060        ; -0.108     ; 4.102      ;
; 1.848 ; vga_controller:vga_1|counter_x_reg[3] ; vga_g_reg[0] ; clock_1|altpll_component|auto_generated|pll1|clk[0] ; clock_1|altpll_component|auto_generated|pll1|clk[0] ; 6.060        ; -0.108     ; 4.102      ;
; 1.848 ; vga_controller:vga_1|counter_x_reg[3] ; vga_g_reg[2] ; clock_1|altpll_component|auto_generated|pll1|clk[0] ; clock_1|altpll_component|auto_generated|pll1|clk[0] ; 6.060        ; -0.108     ; 4.102      ;
; 1.848 ; vga_controller:vga_1|counter_x_reg[3] ; vga_g_reg[5] ; clock_1|altpll_component|auto_generated|pll1|clk[0] ; clock_1|altpll_component|auto_generated|pll1|clk[0] ; 6.060        ; -0.108     ; 4.102      ;
; 1.848 ; vga_controller:vga_1|counter_x_reg[3] ; vga_g_reg[6] ; clock_1|altpll_component|auto_generated|pll1|clk[0] ; clock_1|altpll_component|auto_generated|pll1|clk[0] ; 6.060        ; -0.108     ; 4.102      ;
; 1.848 ; vga_controller:vga_1|counter_x_reg[3] ; vga_g_reg[7] ; clock_1|altpll_component|auto_generated|pll1|clk[0] ; clock_1|altpll_component|auto_generated|pll1|clk[0] ; 6.060        ; -0.108     ; 4.102      ;
; 1.848 ; vga_controller:vga_1|counter_x_reg[3] ; vga_b_reg[0] ; clock_1|altpll_component|auto_generated|pll1|clk[0] ; clock_1|altpll_component|auto_generated|pll1|clk[0] ; 6.060        ; -0.108     ; 4.102      ;
; 1.848 ; vga_controller:vga_1|counter_x_reg[3] ; vga_b_reg[1] ; clock_1|altpll_component|auto_generated|pll1|clk[0] ; clock_1|altpll_component|auto_generated|pll1|clk[0] ; 6.060        ; -0.108     ; 4.102      ;
; 1.848 ; vga_controller:vga_1|counter_x_reg[3] ; vga_b_reg[2] ; clock_1|altpll_component|auto_generated|pll1|clk[0] ; clock_1|altpll_component|auto_generated|pll1|clk[0] ; 6.060        ; -0.108     ; 4.102      ;
; 1.848 ; vga_controller:vga_1|counter_x_reg[3] ; vga_b_reg[3] ; clock_1|altpll_component|auto_generated|pll1|clk[0] ; clock_1|altpll_component|auto_generated|pll1|clk[0] ; 6.060        ; -0.108     ; 4.102      ;
; 1.848 ; vga_controller:vga_1|counter_x_reg[3] ; vga_b_reg[4] ; clock_1|altpll_component|auto_generated|pll1|clk[0] ; clock_1|altpll_component|auto_generated|pll1|clk[0] ; 6.060        ; -0.108     ; 4.102      ;
; 1.848 ; vga_controller:vga_1|counter_x_reg[3] ; vga_b_reg[5] ; clock_1|altpll_component|auto_generated|pll1|clk[0] ; clock_1|altpll_component|auto_generated|pll1|clk[0] ; 6.060        ; -0.108     ; 4.102      ;
; 1.848 ; vga_controller:vga_1|counter_x_reg[3] ; vga_b_reg[6] ; clock_1|altpll_component|auto_generated|pll1|clk[0] ; clock_1|altpll_component|auto_generated|pll1|clk[0] ; 6.060        ; -0.108     ; 4.102      ;
; 1.848 ; vga_controller:vga_1|counter_x_reg[3] ; vga_b_reg[7] ; clock_1|altpll_component|auto_generated|pll1|clk[0] ; clock_1|altpll_component|auto_generated|pll1|clk[0] ; 6.060        ; -0.108     ; 4.102      ;
; 1.871 ; vga_controller:vga_1|counter_x_reg[6] ; vga_r_reg[0] ; clock_1|altpll_component|auto_generated|pll1|clk[0] ; clock_1|altpll_component|auto_generated|pll1|clk[0] ; 6.060        ; -0.108     ; 4.079      ;
; 1.871 ; vga_controller:vga_1|counter_x_reg[6] ; vga_r_reg[3] ; clock_1|altpll_component|auto_generated|pll1|clk[0] ; clock_1|altpll_component|auto_generated|pll1|clk[0] ; 6.060        ; -0.108     ; 4.079      ;
; 1.871 ; vga_controller:vga_1|counter_x_reg[6] ; vga_r_reg[5] ; clock_1|altpll_component|auto_generated|pll1|clk[0] ; clock_1|altpll_component|auto_generated|pll1|clk[0] ; 6.060        ; -0.108     ; 4.079      ;
; 1.871 ; vga_controller:vga_1|counter_x_reg[6] ; vga_g_reg[0] ; clock_1|altpll_component|auto_generated|pll1|clk[0] ; clock_1|altpll_component|auto_generated|pll1|clk[0] ; 6.060        ; -0.108     ; 4.079      ;
; 1.871 ; vga_controller:vga_1|counter_x_reg[6] ; vga_g_reg[2] ; clock_1|altpll_component|auto_generated|pll1|clk[0] ; clock_1|altpll_component|auto_generated|pll1|clk[0] ; 6.060        ; -0.108     ; 4.079      ;
; 1.871 ; vga_controller:vga_1|counter_x_reg[6] ; vga_g_reg[5] ; clock_1|altpll_component|auto_generated|pll1|clk[0] ; clock_1|altpll_component|auto_generated|pll1|clk[0] ; 6.060        ; -0.108     ; 4.079      ;
; 1.871 ; vga_controller:vga_1|counter_x_reg[6] ; vga_g_reg[6] ; clock_1|altpll_component|auto_generated|pll1|clk[0] ; clock_1|altpll_component|auto_generated|pll1|clk[0] ; 6.060        ; -0.108     ; 4.079      ;
; 1.871 ; vga_controller:vga_1|counter_x_reg[6] ; vga_g_reg[7] ; clock_1|altpll_component|auto_generated|pll1|clk[0] ; clock_1|altpll_component|auto_generated|pll1|clk[0] ; 6.060        ; -0.108     ; 4.079      ;
; 1.871 ; vga_controller:vga_1|counter_x_reg[6] ; vga_b_reg[0] ; clock_1|altpll_component|auto_generated|pll1|clk[0] ; clock_1|altpll_component|auto_generated|pll1|clk[0] ; 6.060        ; -0.108     ; 4.079      ;
; 1.871 ; vga_controller:vga_1|counter_x_reg[6] ; vga_b_reg[1] ; clock_1|altpll_component|auto_generated|pll1|clk[0] ; clock_1|altpll_component|auto_generated|pll1|clk[0] ; 6.060        ; -0.108     ; 4.079      ;
; 1.871 ; vga_controller:vga_1|counter_x_reg[6] ; vga_b_reg[2] ; clock_1|altpll_component|auto_generated|pll1|clk[0] ; clock_1|altpll_component|auto_generated|pll1|clk[0] ; 6.060        ; -0.108     ; 4.079      ;
; 1.871 ; vga_controller:vga_1|counter_x_reg[6] ; vga_b_reg[3] ; clock_1|altpll_component|auto_generated|pll1|clk[0] ; clock_1|altpll_component|auto_generated|pll1|clk[0] ; 6.060        ; -0.108     ; 4.079      ;
; 1.871 ; vga_controller:vga_1|counter_x_reg[6] ; vga_b_reg[4] ; clock_1|altpll_component|auto_generated|pll1|clk[0] ; clock_1|altpll_component|auto_generated|pll1|clk[0] ; 6.060        ; -0.108     ; 4.079      ;
; 1.871 ; vga_controller:vga_1|counter_x_reg[6] ; vga_b_reg[5] ; clock_1|altpll_component|auto_generated|pll1|clk[0] ; clock_1|altpll_component|auto_generated|pll1|clk[0] ; 6.060        ; -0.108     ; 4.079      ;
; 1.871 ; vga_controller:vga_1|counter_x_reg[6] ; vga_b_reg[6] ; clock_1|altpll_component|auto_generated|pll1|clk[0] ; clock_1|altpll_component|auto_generated|pll1|clk[0] ; 6.060        ; -0.108     ; 4.079      ;
; 1.871 ; vga_controller:vga_1|counter_x_reg[6] ; vga_b_reg[7] ; clock_1|altpll_component|auto_generated|pll1|clk[0] ; clock_1|altpll_component|auto_generated|pll1|clk[0] ; 6.060        ; -0.108     ; 4.079      ;
; 1.922 ; vga_controller:vga_1|counter_x_reg[1] ; vga_r_reg[0] ; clock_1|altpll_component|auto_generated|pll1|clk[0] ; clock_1|altpll_component|auto_generated|pll1|clk[0] ; 6.060        ; -0.108     ; 4.028      ;
; 1.922 ; vga_controller:vga_1|counter_x_reg[1] ; vga_r_reg[3] ; clock_1|altpll_component|auto_generated|pll1|clk[0] ; clock_1|altpll_component|auto_generated|pll1|clk[0] ; 6.060        ; -0.108     ; 4.028      ;
; 1.922 ; vga_controller:vga_1|counter_x_reg[1] ; vga_r_reg[5] ; clock_1|altpll_component|auto_generated|pll1|clk[0] ; clock_1|altpll_component|auto_generated|pll1|clk[0] ; 6.060        ; -0.108     ; 4.028      ;
; 1.922 ; vga_controller:vga_1|counter_x_reg[1] ; vga_g_reg[0] ; clock_1|altpll_component|auto_generated|pll1|clk[0] ; clock_1|altpll_component|auto_generated|pll1|clk[0] ; 6.060        ; -0.108     ; 4.028      ;
; 1.922 ; vga_controller:vga_1|counter_x_reg[1] ; vga_g_reg[2] ; clock_1|altpll_component|auto_generated|pll1|clk[0] ; clock_1|altpll_component|auto_generated|pll1|clk[0] ; 6.060        ; -0.108     ; 4.028      ;
; 1.922 ; vga_controller:vga_1|counter_x_reg[1] ; vga_g_reg[5] ; clock_1|altpll_component|auto_generated|pll1|clk[0] ; clock_1|altpll_component|auto_generated|pll1|clk[0] ; 6.060        ; -0.108     ; 4.028      ;
; 1.922 ; vga_controller:vga_1|counter_x_reg[1] ; vga_g_reg[6] ; clock_1|altpll_component|auto_generated|pll1|clk[0] ; clock_1|altpll_component|auto_generated|pll1|clk[0] ; 6.060        ; -0.108     ; 4.028      ;
; 1.922 ; vga_controller:vga_1|counter_x_reg[1] ; vga_g_reg[7] ; clock_1|altpll_component|auto_generated|pll1|clk[0] ; clock_1|altpll_component|auto_generated|pll1|clk[0] ; 6.060        ; -0.108     ; 4.028      ;
; 1.922 ; vga_controller:vga_1|counter_x_reg[1] ; vga_b_reg[0] ; clock_1|altpll_component|auto_generated|pll1|clk[0] ; clock_1|altpll_component|auto_generated|pll1|clk[0] ; 6.060        ; -0.108     ; 4.028      ;
; 1.922 ; vga_controller:vga_1|counter_x_reg[1] ; vga_b_reg[1] ; clock_1|altpll_component|auto_generated|pll1|clk[0] ; clock_1|altpll_component|auto_generated|pll1|clk[0] ; 6.060        ; -0.108     ; 4.028      ;
; 1.922 ; vga_controller:vga_1|counter_x_reg[1] ; vga_b_reg[2] ; clock_1|altpll_component|auto_generated|pll1|clk[0] ; clock_1|altpll_component|auto_generated|pll1|clk[0] ; 6.060        ; -0.108     ; 4.028      ;
; 1.922 ; vga_controller:vga_1|counter_x_reg[1] ; vga_b_reg[3] ; clock_1|altpll_component|auto_generated|pll1|clk[0] ; clock_1|altpll_component|auto_generated|pll1|clk[0] ; 6.060        ; -0.108     ; 4.028      ;
; 1.922 ; vga_controller:vga_1|counter_x_reg[1] ; vga_b_reg[4] ; clock_1|altpll_component|auto_generated|pll1|clk[0] ; clock_1|altpll_component|auto_generated|pll1|clk[0] ; 6.060        ; -0.108     ; 4.028      ;
; 1.922 ; vga_controller:vga_1|counter_x_reg[1] ; vga_b_reg[5] ; clock_1|altpll_component|auto_generated|pll1|clk[0] ; clock_1|altpll_component|auto_generated|pll1|clk[0] ; 6.060        ; -0.108     ; 4.028      ;
; 1.922 ; vga_controller:vga_1|counter_x_reg[1] ; vga_b_reg[6] ; clock_1|altpll_component|auto_generated|pll1|clk[0] ; clock_1|altpll_component|auto_generated|pll1|clk[0] ; 6.060        ; -0.108     ; 4.028      ;
; 1.922 ; vga_controller:vga_1|counter_x_reg[1] ; vga_b_reg[7] ; clock_1|altpll_component|auto_generated|pll1|clk[0] ; clock_1|altpll_component|auto_generated|pll1|clk[0] ; 6.060        ; -0.108     ; 4.028      ;
; 1.954 ; vga_controller:vga_1|counter_y_reg[8] ; vga_r_reg[0] ; clock_1|altpll_component|auto_generated|pll1|clk[0] ; clock_1|altpll_component|auto_generated|pll1|clk[0] ; 6.060        ; -0.092     ; 4.012      ;
; 1.954 ; vga_controller:vga_1|counter_y_reg[8] ; vga_r_reg[3] ; clock_1|altpll_component|auto_generated|pll1|clk[0] ; clock_1|altpll_component|auto_generated|pll1|clk[0] ; 6.060        ; -0.092     ; 4.012      ;
; 1.954 ; vga_controller:vga_1|counter_y_reg[8] ; vga_r_reg[5] ; clock_1|altpll_component|auto_generated|pll1|clk[0] ; clock_1|altpll_component|auto_generated|pll1|clk[0] ; 6.060        ; -0.092     ; 4.012      ;
; 1.954 ; vga_controller:vga_1|counter_y_reg[8] ; vga_g_reg[0] ; clock_1|altpll_component|auto_generated|pll1|clk[0] ; clock_1|altpll_component|auto_generated|pll1|clk[0] ; 6.060        ; -0.092     ; 4.012      ;
; 1.954 ; vga_controller:vga_1|counter_y_reg[8] ; vga_g_reg[2] ; clock_1|altpll_component|auto_generated|pll1|clk[0] ; clock_1|altpll_component|auto_generated|pll1|clk[0] ; 6.060        ; -0.092     ; 4.012      ;
; 1.954 ; vga_controller:vga_1|counter_y_reg[8] ; vga_g_reg[5] ; clock_1|altpll_component|auto_generated|pll1|clk[0] ; clock_1|altpll_component|auto_generated|pll1|clk[0] ; 6.060        ; -0.092     ; 4.012      ;
; 1.954 ; vga_controller:vga_1|counter_y_reg[8] ; vga_g_reg[6] ; clock_1|altpll_component|auto_generated|pll1|clk[0] ; clock_1|altpll_component|auto_generated|pll1|clk[0] ; 6.060        ; -0.092     ; 4.012      ;
; 1.954 ; vga_controller:vga_1|counter_y_reg[8] ; vga_g_reg[7] ; clock_1|altpll_component|auto_generated|pll1|clk[0] ; clock_1|altpll_component|auto_generated|pll1|clk[0] ; 6.060        ; -0.092     ; 4.012      ;
; 1.954 ; vga_controller:vga_1|counter_y_reg[8] ; vga_b_reg[0] ; clock_1|altpll_component|auto_generated|pll1|clk[0] ; clock_1|altpll_component|auto_generated|pll1|clk[0] ; 6.060        ; -0.092     ; 4.012      ;
; 1.954 ; vga_controller:vga_1|counter_y_reg[8] ; vga_b_reg[1] ; clock_1|altpll_component|auto_generated|pll1|clk[0] ; clock_1|altpll_component|auto_generated|pll1|clk[0] ; 6.060        ; -0.092     ; 4.012      ;
; 1.954 ; vga_controller:vga_1|counter_y_reg[8] ; vga_b_reg[2] ; clock_1|altpll_component|auto_generated|pll1|clk[0] ; clock_1|altpll_component|auto_generated|pll1|clk[0] ; 6.060        ; -0.092     ; 4.012      ;
; 1.954 ; vga_controller:vga_1|counter_y_reg[8] ; vga_b_reg[3] ; clock_1|altpll_component|auto_generated|pll1|clk[0] ; clock_1|altpll_component|auto_generated|pll1|clk[0] ; 6.060        ; -0.092     ; 4.012      ;
; 1.954 ; vga_controller:vga_1|counter_y_reg[8] ; vga_b_reg[4] ; clock_1|altpll_component|auto_generated|pll1|clk[0] ; clock_1|altpll_component|auto_generated|pll1|clk[0] ; 6.060        ; -0.092     ; 4.012      ;
; 1.954 ; vga_controller:vga_1|counter_y_reg[8] ; vga_b_reg[5] ; clock_1|altpll_component|auto_generated|pll1|clk[0] ; clock_1|altpll_component|auto_generated|pll1|clk[0] ; 6.060        ; -0.092     ; 4.012      ;
; 1.954 ; vga_controller:vga_1|counter_y_reg[8] ; vga_b_reg[6] ; clock_1|altpll_component|auto_generated|pll1|clk[0] ; clock_1|altpll_component|auto_generated|pll1|clk[0] ; 6.060        ; -0.092     ; 4.012      ;
; 1.954 ; vga_controller:vga_1|counter_y_reg[8] ; vga_b_reg[7] ; clock_1|altpll_component|auto_generated|pll1|clk[0] ; clock_1|altpll_component|auto_generated|pll1|clk[0] ; 6.060        ; -0.092     ; 4.012      ;
; 2.044 ; vga_controller:vga_1|counter_x_reg[7] ; vga_r_reg[0] ; clock_1|altpll_component|auto_generated|pll1|clk[0] ; clock_1|altpll_component|auto_generated|pll1|clk[0] ; 6.060        ; -0.108     ; 3.906      ;
; 2.044 ; vga_controller:vga_1|counter_x_reg[7] ; vga_r_reg[3] ; clock_1|altpll_component|auto_generated|pll1|clk[0] ; clock_1|altpll_component|auto_generated|pll1|clk[0] ; 6.060        ; -0.108     ; 3.906      ;
; 2.044 ; vga_controller:vga_1|counter_x_reg[7] ; vga_r_reg[5] ; clock_1|altpll_component|auto_generated|pll1|clk[0] ; clock_1|altpll_component|auto_generated|pll1|clk[0] ; 6.060        ; -0.108     ; 3.906      ;
; 2.044 ; vga_controller:vga_1|counter_x_reg[7] ; vga_g_reg[0] ; clock_1|altpll_component|auto_generated|pll1|clk[0] ; clock_1|altpll_component|auto_generated|pll1|clk[0] ; 6.060        ; -0.108     ; 3.906      ;
; 2.044 ; vga_controller:vga_1|counter_x_reg[7] ; vga_g_reg[2] ; clock_1|altpll_component|auto_generated|pll1|clk[0] ; clock_1|altpll_component|auto_generated|pll1|clk[0] ; 6.060        ; -0.108     ; 3.906      ;
; 2.044 ; vga_controller:vga_1|counter_x_reg[7] ; vga_g_reg[5] ; clock_1|altpll_component|auto_generated|pll1|clk[0] ; clock_1|altpll_component|auto_generated|pll1|clk[0] ; 6.060        ; -0.108     ; 3.906      ;
; 2.044 ; vga_controller:vga_1|counter_x_reg[7] ; vga_g_reg[6] ; clock_1|altpll_component|auto_generated|pll1|clk[0] ; clock_1|altpll_component|auto_generated|pll1|clk[0] ; 6.060        ; -0.108     ; 3.906      ;
; 2.044 ; vga_controller:vga_1|counter_x_reg[7] ; vga_g_reg[7] ; clock_1|altpll_component|auto_generated|pll1|clk[0] ; clock_1|altpll_component|auto_generated|pll1|clk[0] ; 6.060        ; -0.108     ; 3.906      ;
; 2.044 ; vga_controller:vga_1|counter_x_reg[7] ; vga_b_reg[0] ; clock_1|altpll_component|auto_generated|pll1|clk[0] ; clock_1|altpll_component|auto_generated|pll1|clk[0] ; 6.060        ; -0.108     ; 3.906      ;
; 2.044 ; vga_controller:vga_1|counter_x_reg[7] ; vga_b_reg[1] ; clock_1|altpll_component|auto_generated|pll1|clk[0] ; clock_1|altpll_component|auto_generated|pll1|clk[0] ; 6.060        ; -0.108     ; 3.906      ;
; 2.044 ; vga_controller:vga_1|counter_x_reg[7] ; vga_b_reg[2] ; clock_1|altpll_component|auto_generated|pll1|clk[0] ; clock_1|altpll_component|auto_generated|pll1|clk[0] ; 6.060        ; -0.108     ; 3.906      ;
; 2.044 ; vga_controller:vga_1|counter_x_reg[7] ; vga_b_reg[3] ; clock_1|altpll_component|auto_generated|pll1|clk[0] ; clock_1|altpll_component|auto_generated|pll1|clk[0] ; 6.060        ; -0.108     ; 3.906      ;
; 2.044 ; vga_controller:vga_1|counter_x_reg[7] ; vga_b_reg[4] ; clock_1|altpll_component|auto_generated|pll1|clk[0] ; clock_1|altpll_component|auto_generated|pll1|clk[0] ; 6.060        ; -0.108     ; 3.906      ;
; 2.044 ; vga_controller:vga_1|counter_x_reg[7] ; vga_b_reg[5] ; clock_1|altpll_component|auto_generated|pll1|clk[0] ; clock_1|altpll_component|auto_generated|pll1|clk[0] ; 6.060        ; -0.108     ; 3.906      ;
; 2.044 ; vga_controller:vga_1|counter_x_reg[7] ; vga_b_reg[6] ; clock_1|altpll_component|auto_generated|pll1|clk[0] ; clock_1|altpll_component|auto_generated|pll1|clk[0] ; 6.060        ; -0.108     ; 3.906      ;
; 2.044 ; vga_controller:vga_1|counter_x_reg[7] ; vga_b_reg[7] ; clock_1|altpll_component|auto_generated|pll1|clk[0] ; clock_1|altpll_component|auto_generated|pll1|clk[0] ; 6.060        ; -0.108     ; 3.906      ;
; 2.048 ; vga_controller:vga_1|counter_x_reg[4] ; vga_r_reg[0] ; clock_1|altpll_component|auto_generated|pll1|clk[0] ; clock_1|altpll_component|auto_generated|pll1|clk[0] ; 6.060        ; -0.108     ; 3.902      ;
; 2.048 ; vga_controller:vga_1|counter_x_reg[4] ; vga_r_reg[3] ; clock_1|altpll_component|auto_generated|pll1|clk[0] ; clock_1|altpll_component|auto_generated|pll1|clk[0] ; 6.060        ; -0.108     ; 3.902      ;
; 2.048 ; vga_controller:vga_1|counter_x_reg[4] ; vga_r_reg[5] ; clock_1|altpll_component|auto_generated|pll1|clk[0] ; clock_1|altpll_component|auto_generated|pll1|clk[0] ; 6.060        ; -0.108     ; 3.902      ;
; 2.048 ; vga_controller:vga_1|counter_x_reg[4] ; vga_g_reg[0] ; clock_1|altpll_component|auto_generated|pll1|clk[0] ; clock_1|altpll_component|auto_generated|pll1|clk[0] ; 6.060        ; -0.108     ; 3.902      ;
+-------+---------------------------------------+--------------+-----------------------------------------------------+-----------------------------------------------------+--------------+------------+------------+


+----------------------------------------------------------------------------------------------------------------------------------------------------------------------------------------------------------------------------------------------+
; Slow 1200mV 85C Model Hold: 'clock_1|altpll_component|auto_generated|pll1|clk[0]'                                                                                                                                                            ;
+-------+----------------------------------------+----------------------------------------+-----------------------------------------------------+-----------------------------------------------------+--------------+------------+------------+
; Slack ; From Node                              ; To Node                                ; Launch Clock                                        ; Latch Clock                                         ; Relationship ; Clock Skew ; Data Delay ;
+-------+----------------------------------------+----------------------------------------+-----------------------------------------------------+-----------------------------------------------------+--------------+------------+------------+
; 0.403 ; vga_controller:vga_1|counter_x_reg[0]  ; vga_controller:vga_1|counter_x_reg[0]  ; clock_1|altpll_component|auto_generated|pll1|clk[0] ; clock_1|altpll_component|auto_generated|pll1|clk[0] ; 0.000        ; 0.080      ; 0.669      ;
; 0.442 ; vga_controller:vga_1|counter_x_reg[11] ; vga_controller:vga_1|counter_x_reg[11] ; clock_1|altpll_component|auto_generated|pll1|clk[0] ; clock_1|altpll_component|auto_generated|pll1|clk[0] ; 0.000        ; 0.080      ; 0.708      ;
; 0.643 ; vga_controller:vga_1|counter_y_reg[9]  ; vga_controller:vga_1|counter_y_reg[9]  ; clock_1|altpll_component|auto_generated|pll1|clk[0] ; clock_1|altpll_component|auto_generated|pll1|clk[0] ; 0.000        ; 0.079      ; 0.908      ;
; 0.646 ; vga_controller:vga_1|counter_y_reg[7]  ; vga_controller:vga_1|counter_y_reg[7]  ; clock_1|altpll_component|auto_generated|pll1|clk[0] ; clock_1|altpll_component|auto_generated|pll1|clk[0] ; 0.000        ; 0.079      ; 0.911      ;
; 0.647 ; vga_controller:vga_1|counter_y_reg[5]  ; vga_controller:vga_1|counter_y_reg[5]  ; clock_1|altpll_component|auto_generated|pll1|clk[0] ; clock_1|altpll_component|auto_generated|pll1|clk[0] ; 0.000        ; 0.079      ; 0.912      ;
; 0.649 ; vga_controller:vga_1|counter_y_reg[8]  ; vga_controller:vga_1|counter_y_reg[8]  ; clock_1|altpll_component|auto_generated|pll1|clk[0] ; clock_1|altpll_component|auto_generated|pll1|clk[0] ; 0.000        ; 0.079      ; 0.914      ;
; 0.649 ; vga_controller:vga_1|counter_y_reg[6]  ; vga_controller:vga_1|counter_y_reg[6]  ; clock_1|altpll_component|auto_generated|pll1|clk[0] ; clock_1|altpll_component|auto_generated|pll1|clk[0] ; 0.000        ; 0.079      ; 0.914      ;
; 0.650 ; vga_controller:vga_1|counter_y_reg[1]  ; vga_controller:vga_1|counter_y_reg[1]  ; clock_1|altpll_component|auto_generated|pll1|clk[0] ; clock_1|altpll_component|auto_generated|pll1|clk[0] ; 0.000        ; 0.079      ; 0.915      ;
; 0.656 ; vga_controller:vga_1|counter_y_reg[2]  ; vga_controller:vga_1|counter_y_reg[2]  ; clock_1|altpll_component|auto_generated|pll1|clk[0] ; clock_1|altpll_component|auto_generated|pll1|clk[0] ; 0.000        ; 0.079      ; 0.921      ;
; 0.656 ; vga_controller:vga_1|counter_x_reg[10] ; vga_controller:vga_1|counter_x_reg[10] ; clock_1|altpll_component|auto_generated|pll1|clk[0] ; clock_1|altpll_component|auto_generated|pll1|clk[0] ; 0.000        ; 0.080      ; 0.922      ;
; 0.659 ; vga_controller:vga_1|counter_y_reg[11] ; vga_controller:vga_1|counter_y_reg[11] ; clock_1|altpll_component|auto_generated|pll1|clk[0] ; clock_1|altpll_component|auto_generated|pll1|clk[0] ; 0.000        ; 0.079      ; 0.924      ;
; 0.659 ; vga_controller:vga_1|counter_x_reg[6]  ; vga_controller:vga_1|counter_x_reg[6]  ; clock_1|altpll_component|auto_generated|pll1|clk[0] ; clock_1|altpll_component|auto_generated|pll1|clk[0] ; 0.000        ; 0.080      ; 0.925      ;
; 0.662 ; vga_controller:vga_1|counter_x_reg[7]  ; vga_controller:vga_1|counter_x_reg[7]  ; clock_1|altpll_component|auto_generated|pll1|clk[0] ; clock_1|altpll_component|auto_generated|pll1|clk[0] ; 0.000        ; 0.080      ; 0.928      ;
; 0.662 ; vga_controller:vga_1|counter_x_reg[9]  ; vga_controller:vga_1|counter_x_reg[9]  ; clock_1|altpll_component|auto_generated|pll1|clk[0] ; clock_1|altpll_component|auto_generated|pll1|clk[0] ; 0.000        ; 0.080      ; 0.928      ;
; 0.663 ; vga_controller:vga_1|counter_y_reg[10] ; vga_controller:vga_1|counter_y_reg[10] ; clock_1|altpll_component|auto_generated|pll1|clk[0] ; clock_1|altpll_component|auto_generated|pll1|clk[0] ; 0.000        ; 0.079      ; 0.928      ;
; 0.665 ; vga_controller:vga_1|counter_y_reg[3]  ; vga_controller:vga_1|counter_y_reg[3]  ; clock_1|altpll_component|auto_generated|pll1|clk[0] ; clock_1|altpll_component|auto_generated|pll1|clk[0] ; 0.000        ; 0.079      ; 0.930      ;
; 0.665 ; vga_controller:vga_1|counter_x_reg[8]  ; vga_controller:vga_1|counter_x_reg[8]  ; clock_1|altpll_component|auto_generated|pll1|clk[0] ; clock_1|altpll_component|auto_generated|pll1|clk[0] ; 0.000        ; 0.080      ; 0.931      ;
; 0.666 ; vga_controller:vga_1|counter_x_reg[2]  ; vga_controller:vga_1|counter_x_reg[2]  ; clock_1|altpll_component|auto_generated|pll1|clk[0] ; clock_1|altpll_component|auto_generated|pll1|clk[0] ; 0.000        ; 0.080      ; 0.932      ;
; 0.667 ; vga_controller:vga_1|counter_y_reg[4]  ; vga_controller:vga_1|counter_y_reg[4]  ; clock_1|altpll_component|auto_generated|pll1|clk[0] ; clock_1|altpll_component|auto_generated|pll1|clk[0] ; 0.000        ; 0.079      ; 0.932      ;
; 0.669 ; vga_controller:vga_1|counter_x_reg[3]  ; vga_controller:vga_1|counter_x_reg[3]  ; clock_1|altpll_component|auto_generated|pll1|clk[0] ; clock_1|altpll_component|auto_generated|pll1|clk[0] ; 0.000        ; 0.080      ; 0.935      ;
; 0.670 ; vga_controller:vga_1|counter_x_reg[4]  ; vga_controller:vga_1|counter_x_reg[4]  ; clock_1|altpll_component|auto_generated|pll1|clk[0] ; clock_1|altpll_component|auto_generated|pll1|clk[0] ; 0.000        ; 0.080      ; 0.936      ;
; 0.670 ; vga_controller:vga_1|counter_x_reg[5]  ; vga_controller:vga_1|counter_x_reg[5]  ; clock_1|altpll_component|auto_generated|pll1|clk[0] ; clock_1|altpll_component|auto_generated|pll1|clk[0] ; 0.000        ; 0.080      ; 0.936      ;
; 0.678 ; vga_controller:vga_1|counter_y_reg[0]  ; vga_controller:vga_1|counter_y_reg[0]  ; clock_1|altpll_component|auto_generated|pll1|clk[0] ; clock_1|altpll_component|auto_generated|pll1|clk[0] ; 0.000        ; 0.079      ; 0.943      ;
; 0.687 ; vga_controller:vga_1|counter_x_reg[1]  ; vga_controller:vga_1|counter_x_reg[1]  ; clock_1|altpll_component|auto_generated|pll1|clk[0] ; clock_1|altpll_component|auto_generated|pll1|clk[0] ; 0.000        ; 0.080      ; 0.953      ;
; 0.961 ; vga_controller:vga_1|counter_y_reg[9]  ; vga_controller:vga_1|counter_y_reg[10] ; clock_1|altpll_component|auto_generated|pll1|clk[0] ; clock_1|altpll_component|auto_generated|pll1|clk[0] ; 0.000        ; 0.079      ; 1.226      ;
; 0.963 ; vga_controller:vga_1|counter_y_reg[7]  ; vga_controller:vga_1|counter_y_reg[8]  ; clock_1|altpll_component|auto_generated|pll1|clk[0] ; clock_1|altpll_component|auto_generated|pll1|clk[0] ; 0.000        ; 0.079      ; 1.228      ;
; 0.964 ; vga_controller:vga_1|counter_y_reg[5]  ; vga_controller:vga_1|counter_y_reg[6]  ; clock_1|altpll_component|auto_generated|pll1|clk[0] ; clock_1|altpll_component|auto_generated|pll1|clk[0] ; 0.000        ; 0.079      ; 1.229      ;
; 0.968 ; vga_controller:vga_1|counter_y_reg[1]  ; vga_controller:vga_1|counter_y_reg[2]  ; clock_1|altpll_component|auto_generated|pll1|clk[0] ; clock_1|altpll_component|auto_generated|pll1|clk[0] ; 0.000        ; 0.079      ; 1.233      ;
; 0.974 ; vga_controller:vga_1|counter_x_reg[10] ; vga_controller:vga_1|counter_x_reg[11] ; clock_1|altpll_component|auto_generated|pll1|clk[0] ; clock_1|altpll_component|auto_generated|pll1|clk[0] ; 0.000        ; 0.080      ; 1.240      ;
; 0.976 ; vga_controller:vga_1|counter_x_reg[6]  ; vga_controller:vga_1|counter_x_reg[7]  ; clock_1|altpll_component|auto_generated|pll1|clk[0] ; clock_1|altpll_component|auto_generated|pll1|clk[0] ; 0.000        ; 0.080      ; 1.242      ;
; 0.976 ; vga_controller:vga_1|counter_y_reg[8]  ; vga_controller:vga_1|counter_y_reg[9]  ; clock_1|altpll_component|auto_generated|pll1|clk[0] ; clock_1|altpll_component|auto_generated|pll1|clk[0] ; 0.000        ; 0.079      ; 1.241      ;
; 0.976 ; vga_controller:vga_1|counter_y_reg[6]  ; vga_controller:vga_1|counter_y_reg[7]  ; clock_1|altpll_component|auto_generated|pll1|clk[0] ; clock_1|altpll_component|auto_generated|pll1|clk[0] ; 0.000        ; 0.079      ; 1.241      ;
; 0.981 ; vga_controller:vga_1|counter_y_reg[8]  ; vga_controller:vga_1|counter_y_reg[10] ; clock_1|altpll_component|auto_generated|pll1|clk[0] ; clock_1|altpll_component|auto_generated|pll1|clk[0] ; 0.000        ; 0.079      ; 1.246      ;
; 0.981 ; vga_controller:vga_1|counter_y_reg[6]  ; vga_controller:vga_1|counter_y_reg[8]  ; clock_1|altpll_component|auto_generated|pll1|clk[0] ; clock_1|altpll_component|auto_generated|pll1|clk[0] ; 0.000        ; 0.079      ; 1.246      ;
; 0.982 ; vga_controller:vga_1|counter_y_reg[0]  ; vga_controller:vga_1|counter_y_reg[1]  ; clock_1|altpll_component|auto_generated|pll1|clk[0] ; clock_1|altpll_component|auto_generated|pll1|clk[0] ; 0.000        ; 0.079      ; 1.247      ;
; 0.983 ; vga_controller:vga_1|counter_x_reg[8]  ; vga_controller:vga_1|counter_x_reg[9]  ; clock_1|altpll_component|auto_generated|pll1|clk[0] ; clock_1|altpll_component|auto_generated|pll1|clk[0] ; 0.000        ; 0.080      ; 1.249      ;
; 0.983 ; vga_controller:vga_1|counter_y_reg[3]  ; vga_controller:vga_1|counter_y_reg[4]  ; clock_1|altpll_component|auto_generated|pll1|clk[0] ; clock_1|altpll_component|auto_generated|pll1|clk[0] ; 0.000        ; 0.079      ; 1.248      ;
; 0.983 ; vga_controller:vga_1|counter_y_reg[2]  ; vga_controller:vga_1|counter_y_reg[3]  ; clock_1|altpll_component|auto_generated|pll1|clk[0] ; clock_1|altpll_component|auto_generated|pll1|clk[0] ; 0.000        ; 0.079      ; 1.248      ;
; 0.984 ; vga_controller:vga_1|counter_x_reg[2]  ; vga_controller:vga_1|counter_x_reg[3]  ; clock_1|altpll_component|auto_generated|pll1|clk[0] ; clock_1|altpll_component|auto_generated|pll1|clk[0] ; 0.000        ; 0.080      ; 1.250      ;
; 0.987 ; vga_controller:vga_1|counter_x_reg[4]  ; vga_controller:vga_1|counter_x_reg[5]  ; clock_1|altpll_component|auto_generated|pll1|clk[0] ; clock_1|altpll_component|auto_generated|pll1|clk[0] ; 0.000        ; 0.080      ; 1.253      ;
; 0.987 ; vga_controller:vga_1|counter_y_reg[0]  ; vga_controller:vga_1|counter_y_reg[2]  ; clock_1|altpll_component|auto_generated|pll1|clk[0] ; clock_1|altpll_component|auto_generated|pll1|clk[0] ; 0.000        ; 0.079      ; 1.252      ;
; 0.988 ; vga_controller:vga_1|counter_y_reg[2]  ; vga_controller:vga_1|counter_y_reg[4]  ; clock_1|altpll_component|auto_generated|pll1|clk[0] ; clock_1|altpll_component|auto_generated|pll1|clk[0] ; 0.000        ; 0.079      ; 1.253      ;
; 0.989 ; vga_controller:vga_1|counter_x_reg[9]  ; vga_controller:vga_1|counter_x_reg[10] ; clock_1|altpll_component|auto_generated|pll1|clk[0] ; clock_1|altpll_component|auto_generated|pll1|clk[0] ; 0.000        ; 0.080      ; 1.255      ;
; 0.989 ; vga_controller:vga_1|counter_x_reg[7]  ; vga_controller:vga_1|counter_x_reg[8]  ; clock_1|altpll_component|auto_generated|pll1|clk[0] ; clock_1|altpll_component|auto_generated|pll1|clk[0] ; 0.000        ; 0.080      ; 1.255      ;
; 0.990 ; vga_controller:vga_1|counter_y_reg[10] ; vga_controller:vga_1|counter_y_reg[11] ; clock_1|altpll_component|auto_generated|pll1|clk[0] ; clock_1|altpll_component|auto_generated|pll1|clk[0] ; 0.000        ; 0.079      ; 1.255      ;
; 0.994 ; vga_controller:vga_1|counter_y_reg[4]  ; vga_controller:vga_1|counter_y_reg[5]  ; clock_1|altpll_component|auto_generated|pll1|clk[0] ; clock_1|altpll_component|auto_generated|pll1|clk[0] ; 0.000        ; 0.079      ; 1.259      ;
; 0.994 ; vga_controller:vga_1|counter_x_reg[9]  ; vga_controller:vga_1|counter_x_reg[11] ; clock_1|altpll_component|auto_generated|pll1|clk[0] ; clock_1|altpll_component|auto_generated|pll1|clk[0] ; 0.000        ; 0.080      ; 1.260      ;
; 0.994 ; vga_controller:vga_1|counter_x_reg[7]  ; vga_controller:vga_1|counter_x_reg[9]  ; clock_1|altpll_component|auto_generated|pll1|clk[0] ; clock_1|altpll_component|auto_generated|pll1|clk[0] ; 0.000        ; 0.080      ; 1.260      ;
; 0.996 ; vga_controller:vga_1|counter_x_reg[3]  ; vga_controller:vga_1|counter_x_reg[4]  ; clock_1|altpll_component|auto_generated|pll1|clk[0] ; clock_1|altpll_component|auto_generated|pll1|clk[0] ; 0.000        ; 0.080      ; 1.262      ;
; 0.997 ; vga_controller:vga_1|counter_x_reg[5]  ; vga_controller:vga_1|counter_x_reg[6]  ; clock_1|altpll_component|auto_generated|pll1|clk[0] ; clock_1|altpll_component|auto_generated|pll1|clk[0] ; 0.000        ; 0.080      ; 1.263      ;
; 0.999 ; vga_controller:vga_1|counter_y_reg[4]  ; vga_controller:vga_1|counter_y_reg[6]  ; clock_1|altpll_component|auto_generated|pll1|clk[0] ; clock_1|altpll_component|auto_generated|pll1|clk[0] ; 0.000        ; 0.079      ; 1.264      ;
; 1.000 ; vga_controller:vga_1|counter_x_reg[1]  ; vga_controller:vga_1|counter_x_reg[2]  ; clock_1|altpll_component|auto_generated|pll1|clk[0] ; clock_1|altpll_component|auto_generated|pll1|clk[0] ; 0.000        ; 0.080      ; 1.266      ;
; 1.001 ; vga_controller:vga_1|counter_x_reg[3]  ; vga_controller:vga_1|counter_x_reg[5]  ; clock_1|altpll_component|auto_generated|pll1|clk[0] ; clock_1|altpll_component|auto_generated|pll1|clk[0] ; 0.000        ; 0.080      ; 1.267      ;
; 1.002 ; vga_controller:vga_1|counter_x_reg[5]  ; vga_controller:vga_1|counter_x_reg[7]  ; clock_1|altpll_component|auto_generated|pll1|clk[0] ; clock_1|altpll_component|auto_generated|pll1|clk[0] ; 0.000        ; 0.080      ; 1.268      ;
; 1.005 ; vga_controller:vga_1|counter_x_reg[1]  ; vga_controller:vga_1|counter_x_reg[3]  ; clock_1|altpll_component|auto_generated|pll1|clk[0] ; clock_1|altpll_component|auto_generated|pll1|clk[0] ; 0.000        ; 0.080      ; 1.271      ;
; 1.016 ; vga_controller:vga_1|counter_y_reg[4]  ; vga_controller:vga_1|vsync_reg         ; clock_1|altpll_component|auto_generated|pll1|clk[0] ; clock_1|altpll_component|auto_generated|pll1|clk[0] ; 0.000        ; 0.092      ; 1.294      ;
; 1.082 ; vga_controller:vga_1|counter_y_reg[9]  ; vga_controller:vga_1|counter_y_reg[11] ; clock_1|altpll_component|auto_generated|pll1|clk[0] ; clock_1|altpll_component|auto_generated|pll1|clk[0] ; 0.000        ; 0.079      ; 1.347      ;
; 1.084 ; vga_controller:vga_1|counter_y_reg[7]  ; vga_controller:vga_1|counter_y_reg[9]  ; clock_1|altpll_component|auto_generated|pll1|clk[0] ; clock_1|altpll_component|auto_generated|pll1|clk[0] ; 0.000        ; 0.079      ; 1.349      ;
; 1.085 ; vga_controller:vga_1|counter_y_reg[5]  ; vga_controller:vga_1|counter_y_reg[7]  ; clock_1|altpll_component|auto_generated|pll1|clk[0] ; clock_1|altpll_component|auto_generated|pll1|clk[0] ; 0.000        ; 0.079      ; 1.350      ;
; 1.089 ; vga_controller:vga_1|counter_y_reg[7]  ; vga_controller:vga_1|counter_y_reg[10] ; clock_1|altpll_component|auto_generated|pll1|clk[0] ; clock_1|altpll_component|auto_generated|pll1|clk[0] ; 0.000        ; 0.079      ; 1.354      ;
; 1.089 ; vga_controller:vga_1|counter_y_reg[1]  ; vga_controller:vga_1|counter_y_reg[3]  ; clock_1|altpll_component|auto_generated|pll1|clk[0] ; clock_1|altpll_component|auto_generated|pll1|clk[0] ; 0.000        ; 0.079      ; 1.354      ;
; 1.090 ; vga_controller:vga_1|counter_y_reg[5]  ; vga_controller:vga_1|counter_y_reg[8]  ; clock_1|altpll_component|auto_generated|pll1|clk[0] ; clock_1|altpll_component|auto_generated|pll1|clk[0] ; 0.000        ; 0.079      ; 1.355      ;
; 1.094 ; vga_controller:vga_1|counter_y_reg[1]  ; vga_controller:vga_1|counter_y_reg[4]  ; clock_1|altpll_component|auto_generated|pll1|clk[0] ; clock_1|altpll_component|auto_generated|pll1|clk[0] ; 0.000        ; 0.079      ; 1.359      ;
; 1.097 ; vga_controller:vga_1|counter_x_reg[6]  ; vga_controller:vga_1|counter_x_reg[8]  ; clock_1|altpll_component|auto_generated|pll1|clk[0] ; clock_1|altpll_component|auto_generated|pll1|clk[0] ; 0.000        ; 0.080      ; 1.363      ;
; 1.102 ; vga_controller:vga_1|counter_x_reg[6]  ; vga_controller:vga_1|counter_x_reg[9]  ; clock_1|altpll_component|auto_generated|pll1|clk[0] ; clock_1|altpll_component|auto_generated|pll1|clk[0] ; 0.000        ; 0.080      ; 1.368      ;
; 1.102 ; vga_controller:vga_1|counter_y_reg[8]  ; vga_controller:vga_1|counter_y_reg[11] ; clock_1|altpll_component|auto_generated|pll1|clk[0] ; clock_1|altpll_component|auto_generated|pll1|clk[0] ; 0.000        ; 0.079      ; 1.367      ;
; 1.102 ; vga_controller:vga_1|counter_y_reg[6]  ; vga_controller:vga_1|counter_y_reg[9]  ; clock_1|altpll_component|auto_generated|pll1|clk[0] ; clock_1|altpll_component|auto_generated|pll1|clk[0] ; 0.000        ; 0.079      ; 1.367      ;
; 1.104 ; vga_controller:vga_1|counter_x_reg[8]  ; vga_controller:vga_1|counter_x_reg[10] ; clock_1|altpll_component|auto_generated|pll1|clk[0] ; clock_1|altpll_component|auto_generated|pll1|clk[0] ; 0.000        ; 0.080      ; 1.370      ;
; 1.104 ; vga_controller:vga_1|counter_y_reg[3]  ; vga_controller:vga_1|counter_y_reg[5]  ; clock_1|altpll_component|auto_generated|pll1|clk[0] ; clock_1|altpll_component|auto_generated|pll1|clk[0] ; 0.000        ; 0.079      ; 1.369      ;
; 1.105 ; vga_controller:vga_1|counter_x_reg[2]  ; vga_controller:vga_1|counter_x_reg[4]  ; clock_1|altpll_component|auto_generated|pll1|clk[0] ; clock_1|altpll_component|auto_generated|pll1|clk[0] ; 0.000        ; 0.080      ; 1.371      ;
; 1.107 ; vga_controller:vga_1|counter_y_reg[6]  ; vga_controller:vga_1|counter_y_reg[10] ; clock_1|altpll_component|auto_generated|pll1|clk[0] ; clock_1|altpll_component|auto_generated|pll1|clk[0] ; 0.000        ; 0.079      ; 1.372      ;
; 1.108 ; vga_controller:vga_1|counter_x_reg[4]  ; vga_controller:vga_1|counter_x_reg[6]  ; clock_1|altpll_component|auto_generated|pll1|clk[0] ; clock_1|altpll_component|auto_generated|pll1|clk[0] ; 0.000        ; 0.080      ; 1.374      ;
; 1.108 ; vga_controller:vga_1|counter_y_reg[0]  ; vga_controller:vga_1|counter_y_reg[3]  ; clock_1|altpll_component|auto_generated|pll1|clk[0] ; clock_1|altpll_component|auto_generated|pll1|clk[0] ; 0.000        ; 0.079      ; 1.373      ;
; 1.109 ; vga_controller:vga_1|counter_x_reg[8]  ; vga_controller:vga_1|counter_x_reg[11] ; clock_1|altpll_component|auto_generated|pll1|clk[0] ; clock_1|altpll_component|auto_generated|pll1|clk[0] ; 0.000        ; 0.080      ; 1.375      ;
; 1.109 ; vga_controller:vga_1|counter_y_reg[3]  ; vga_controller:vga_1|counter_y_reg[6]  ; clock_1|altpll_component|auto_generated|pll1|clk[0] ; clock_1|altpll_component|auto_generated|pll1|clk[0] ; 0.000        ; 0.079      ; 1.374      ;
; 1.109 ; vga_controller:vga_1|counter_y_reg[2]  ; vga_controller:vga_1|counter_y_reg[5]  ; clock_1|altpll_component|auto_generated|pll1|clk[0] ; clock_1|altpll_component|auto_generated|pll1|clk[0] ; 0.000        ; 0.079      ; 1.374      ;
; 1.110 ; vga_controller:vga_1|counter_x_reg[2]  ; vga_controller:vga_1|counter_x_reg[5]  ; clock_1|altpll_component|auto_generated|pll1|clk[0] ; clock_1|altpll_component|auto_generated|pll1|clk[0] ; 0.000        ; 0.080      ; 1.376      ;
; 1.113 ; vga_controller:vga_1|counter_x_reg[4]  ; vga_controller:vga_1|counter_x_reg[7]  ; clock_1|altpll_component|auto_generated|pll1|clk[0] ; clock_1|altpll_component|auto_generated|pll1|clk[0] ; 0.000        ; 0.080      ; 1.379      ;
; 1.113 ; vga_controller:vga_1|counter_y_reg[0]  ; vga_controller:vga_1|counter_y_reg[4]  ; clock_1|altpll_component|auto_generated|pll1|clk[0] ; clock_1|altpll_component|auto_generated|pll1|clk[0] ; 0.000        ; 0.079      ; 1.378      ;
; 1.114 ; vga_controller:vga_1|counter_y_reg[2]  ; vga_controller:vga_1|counter_y_reg[6]  ; clock_1|altpll_component|auto_generated|pll1|clk[0] ; clock_1|altpll_component|auto_generated|pll1|clk[0] ; 0.000        ; 0.079      ; 1.379      ;
; 1.115 ; vga_controller:vga_1|counter_x_reg[7]  ; vga_controller:vga_1|counter_x_reg[10] ; clock_1|altpll_component|auto_generated|pll1|clk[0] ; clock_1|altpll_component|auto_generated|pll1|clk[0] ; 0.000        ; 0.080      ; 1.381      ;
; 1.120 ; vga_controller:vga_1|counter_y_reg[4]  ; vga_controller:vga_1|counter_y_reg[7]  ; clock_1|altpll_component|auto_generated|pll1|clk[0] ; clock_1|altpll_component|auto_generated|pll1|clk[0] ; 0.000        ; 0.079      ; 1.385      ;
; 1.120 ; vga_controller:vga_1|counter_x_reg[7]  ; vga_controller:vga_1|counter_x_reg[11] ; clock_1|altpll_component|auto_generated|pll1|clk[0] ; clock_1|altpll_component|auto_generated|pll1|clk[0] ; 0.000        ; 0.080      ; 1.386      ;
; 1.121 ; vga_controller:vga_1|counter_y_reg[3]  ; vga_controller:vga_1|vsync_reg         ; clock_1|altpll_component|auto_generated|pll1|clk[0] ; clock_1|altpll_component|auto_generated|pll1|clk[0] ; 0.000        ; 0.092      ; 1.399      ;
; 1.122 ; vga_controller:vga_1|counter_x_reg[3]  ; vga_controller:vga_1|counter_x_reg[6]  ; clock_1|altpll_component|auto_generated|pll1|clk[0] ; clock_1|altpll_component|auto_generated|pll1|clk[0] ; 0.000        ; 0.080      ; 1.388      ;
; 1.123 ; vga_controller:vga_1|counter_x_reg[5]  ; vga_controller:vga_1|counter_x_reg[8]  ; clock_1|altpll_component|auto_generated|pll1|clk[0] ; clock_1|altpll_component|auto_generated|pll1|clk[0] ; 0.000        ; 0.080      ; 1.389      ;
; 1.125 ; vga_controller:vga_1|counter_y_reg[4]  ; vga_controller:vga_1|counter_y_reg[8]  ; clock_1|altpll_component|auto_generated|pll1|clk[0] ; clock_1|altpll_component|auto_generated|pll1|clk[0] ; 0.000        ; 0.079      ; 1.390      ;
; 1.126 ; vga_controller:vga_1|counter_x_reg[1]  ; vga_controller:vga_1|counter_x_reg[4]  ; clock_1|altpll_component|auto_generated|pll1|clk[0] ; clock_1|altpll_component|auto_generated|pll1|clk[0] ; 0.000        ; 0.080      ; 1.392      ;
; 1.127 ; vga_controller:vga_1|counter_x_reg[3]  ; vga_controller:vga_1|counter_x_reg[7]  ; clock_1|altpll_component|auto_generated|pll1|clk[0] ; clock_1|altpll_component|auto_generated|pll1|clk[0] ; 0.000        ; 0.080      ; 1.393      ;
; 1.128 ; vga_controller:vga_1|counter_x_reg[5]  ; vga_controller:vga_1|counter_x_reg[9]  ; clock_1|altpll_component|auto_generated|pll1|clk[0] ; clock_1|altpll_component|auto_generated|pll1|clk[0] ; 0.000        ; 0.080      ; 1.394      ;
; 1.131 ; vga_controller:vga_1|counter_x_reg[1]  ; vga_controller:vga_1|counter_x_reg[5]  ; clock_1|altpll_component|auto_generated|pll1|clk[0] ; clock_1|altpll_component|auto_generated|pll1|clk[0] ; 0.000        ; 0.080      ; 1.397      ;
; 1.210 ; vga_controller:vga_1|counter_y_reg[7]  ; vga_controller:vga_1|counter_y_reg[11] ; clock_1|altpll_component|auto_generated|pll1|clk[0] ; clock_1|altpll_component|auto_generated|pll1|clk[0] ; 0.000        ; 0.079      ; 1.475      ;
; 1.211 ; vga_controller:vga_1|counter_y_reg[5]  ; vga_controller:vga_1|counter_y_reg[9]  ; clock_1|altpll_component|auto_generated|pll1|clk[0] ; clock_1|altpll_component|auto_generated|pll1|clk[0] ; 0.000        ; 0.079      ; 1.476      ;
; 1.215 ; vga_controller:vga_1|counter_y_reg[1]  ; vga_controller:vga_1|counter_y_reg[5]  ; clock_1|altpll_component|auto_generated|pll1|clk[0] ; clock_1|altpll_component|auto_generated|pll1|clk[0] ; 0.000        ; 0.079      ; 1.480      ;
; 1.216 ; vga_controller:vga_1|counter_y_reg[5]  ; vga_controller:vga_1|counter_y_reg[10] ; clock_1|altpll_component|auto_generated|pll1|clk[0] ; clock_1|altpll_component|auto_generated|pll1|clk[0] ; 0.000        ; 0.079      ; 1.481      ;
; 1.220 ; vga_controller:vga_1|counter_y_reg[1]  ; vga_controller:vga_1|counter_y_reg[6]  ; clock_1|altpll_component|auto_generated|pll1|clk[0] ; clock_1|altpll_component|auto_generated|pll1|clk[0] ; 0.000        ; 0.079      ; 1.485      ;
; 1.223 ; vga_controller:vga_1|counter_x_reg[6]  ; vga_controller:vga_1|counter_x_reg[10] ; clock_1|altpll_component|auto_generated|pll1|clk[0] ; clock_1|altpll_component|auto_generated|pll1|clk[0] ; 0.000        ; 0.080      ; 1.489      ;
; 1.228 ; vga_controller:vga_1|counter_x_reg[10] ; vga_controller:vga_1|hsync_reg         ; clock_1|altpll_component|auto_generated|pll1|clk[0] ; clock_1|altpll_component|auto_generated|pll1|clk[0] ; 0.000        ; 0.077      ; 1.491      ;
; 1.228 ; vga_controller:vga_1|counter_x_reg[6]  ; vga_controller:vga_1|counter_x_reg[11] ; clock_1|altpll_component|auto_generated|pll1|clk[0] ; clock_1|altpll_component|auto_generated|pll1|clk[0] ; 0.000        ; 0.080      ; 1.494      ;
; 1.228 ; vga_controller:vga_1|counter_y_reg[6]  ; vga_controller:vga_1|counter_y_reg[11] ; clock_1|altpll_component|auto_generated|pll1|clk[0] ; clock_1|altpll_component|auto_generated|pll1|clk[0] ; 0.000        ; 0.079      ; 1.493      ;
+-------+----------------------------------------+----------------------------------------+-----------------------------------------------------+-----------------------------------------------------+--------------+------------+------------+


-----------------------------------------------
; Slow 1200mV 85C Model Metastability Summary ;
-----------------------------------------------
No synchronizer chains to report.


+------------------------------------------------------------------------------------------+
; Slow 1200mV 0C Model Fmax Summary                                                        ;
+-----------+-----------------+-----------------------------------------------------+------+
; Fmax      ; Restricted Fmax ; Clock Name                                          ; Note ;
+-----------+-----------------+-----------------------------------------------------+------+
; 127.4 MHz ; 127.4 MHz       ; clock_1|altpll_component|auto_generated|pll1|clk[0] ;      ;
+-----------+-----------------+-----------------------------------------------------+------+
This panel reports FMAX for every clock in the design, regardless of the user-specified clock periods.  FMAX is only computed for paths where the source and destination registers or ports are driven by the same clock.  Paths of different clocks, including generated clocks, are ignored.  For paths between a clock and its inversion, FMAX is computed as if the rising and falling edges are scaled along with FMAX, such that the duty cycle (in terms of a percentage) is maintained. Altera recommends that you always use clock constraints and other slack reports for sign-off analysis.


+-----------------------------------------------------------------------------+
; Slow 1200mV 0C Model Setup Summary                                          ;
+-----------------------------------------------------+-------+---------------+
; Clock                                               ; Slack ; End Point TNS ;
+-----------------------------------------------------+-------+---------------+
; clock_1|altpll_component|auto_generated|pll1|clk[0] ; 2.136 ; 0.000         ;
+-----------------------------------------------------+-------+---------------+


+-----------------------------------------------------------------------------+
; Slow 1200mV 0C Model Hold Summary                                           ;
+-----------------------------------------------------+-------+---------------+
; Clock                                               ; Slack ; End Point TNS ;
+-----------------------------------------------------+-------+---------------+
; clock_1|altpll_component|auto_generated|pll1|clk[0] ; 0.355 ; 0.000         ;
+-----------------------------------------------------+-------+---------------+


-----------------------------------------
; Slow 1200mV 0C Model Recovery Summary ;
-----------------------------------------
No paths to report.


----------------------------------------
; Slow 1200mV 0C Model Removal Summary ;
----------------------------------------
No paths to report.


+-----------------------------------------------------------------------------+
; Slow 1200mV 0C Model Minimum Pulse Width Summary                            ;
+-----------------------------------------------------+-------+---------------+
; Clock                                               ; Slack ; End Point TNS ;
+-----------------------------------------------------+-------+---------------+
; clock_1|altpll_component|auto_generated|pll1|clk[0] ; 5.772 ; 0.000         ;
; clk                                                 ; 9.799 ; 0.000         ;
+-----------------------------------------------------+-------+---------------+


+-------------------------------------------------------------------------------------------------------------------------------------------------------------------------------------------------------------------+
; Slow 1200mV 0C Model Setup: 'clock_1|altpll_component|auto_generated|pll1|clk[0]'                                                                                                                                 ;
+-------+---------------------------------------+--------------+-----------------------------------------------------+-----------------------------------------------------+--------------+------------+------------+
; Slack ; From Node                             ; To Node      ; Launch Clock                                        ; Latch Clock                                         ; Relationship ; Clock Skew ; Data Delay ;
+-------+---------------------------------------+--------------+-----------------------------------------------------+-----------------------------------------------------+--------------+------------+------------+
; 2.136 ; vga_controller:vga_1|counter_y_reg[9] ; vga_r_reg[0] ; clock_1|altpll_component|auto_generated|pll1|clk[0] ; clock_1|altpll_component|auto_generated|pll1|clk[0] ; 6.060        ; -0.088     ; 3.835      ;
; 2.136 ; vga_controller:vga_1|counter_y_reg[9] ; vga_r_reg[3] ; clock_1|altpll_component|auto_generated|pll1|clk[0] ; clock_1|altpll_component|auto_generated|pll1|clk[0] ; 6.060        ; -0.088     ; 3.835      ;
; 2.136 ; vga_controller:vga_1|counter_y_reg[9] ; vga_r_reg[5] ; clock_1|altpll_component|auto_generated|pll1|clk[0] ; clock_1|altpll_component|auto_generated|pll1|clk[0] ; 6.060        ; -0.088     ; 3.835      ;
; 2.136 ; vga_controller:vga_1|counter_y_reg[9] ; vga_g_reg[0] ; clock_1|altpll_component|auto_generated|pll1|clk[0] ; clock_1|altpll_component|auto_generated|pll1|clk[0] ; 6.060        ; -0.088     ; 3.835      ;
; 2.136 ; vga_controller:vga_1|counter_y_reg[9] ; vga_g_reg[2] ; clock_1|altpll_component|auto_generated|pll1|clk[0] ; clock_1|altpll_component|auto_generated|pll1|clk[0] ; 6.060        ; -0.088     ; 3.835      ;
; 2.136 ; vga_controller:vga_1|counter_y_reg[9] ; vga_g_reg[5] ; clock_1|altpll_component|auto_generated|pll1|clk[0] ; clock_1|altpll_component|auto_generated|pll1|clk[0] ; 6.060        ; -0.088     ; 3.835      ;
; 2.136 ; vga_controller:vga_1|counter_y_reg[9] ; vga_g_reg[6] ; clock_1|altpll_component|auto_generated|pll1|clk[0] ; clock_1|altpll_component|auto_generated|pll1|clk[0] ; 6.060        ; -0.088     ; 3.835      ;
; 2.136 ; vga_controller:vga_1|counter_y_reg[9] ; vga_g_reg[7] ; clock_1|altpll_component|auto_generated|pll1|clk[0] ; clock_1|altpll_component|auto_generated|pll1|clk[0] ; 6.060        ; -0.088     ; 3.835      ;
; 2.136 ; vga_controller:vga_1|counter_y_reg[9] ; vga_b_reg[0] ; clock_1|altpll_component|auto_generated|pll1|clk[0] ; clock_1|altpll_component|auto_generated|pll1|clk[0] ; 6.060        ; -0.088     ; 3.835      ;
; 2.136 ; vga_controller:vga_1|counter_y_reg[9] ; vga_b_reg[1] ; clock_1|altpll_component|auto_generated|pll1|clk[0] ; clock_1|altpll_component|auto_generated|pll1|clk[0] ; 6.060        ; -0.088     ; 3.835      ;
; 2.136 ; vga_controller:vga_1|counter_y_reg[9] ; vga_b_reg[2] ; clock_1|altpll_component|auto_generated|pll1|clk[0] ; clock_1|altpll_component|auto_generated|pll1|clk[0] ; 6.060        ; -0.088     ; 3.835      ;
; 2.136 ; vga_controller:vga_1|counter_y_reg[9] ; vga_b_reg[3] ; clock_1|altpll_component|auto_generated|pll1|clk[0] ; clock_1|altpll_component|auto_generated|pll1|clk[0] ; 6.060        ; -0.088     ; 3.835      ;
; 2.136 ; vga_controller:vga_1|counter_y_reg[9] ; vga_b_reg[4] ; clock_1|altpll_component|auto_generated|pll1|clk[0] ; clock_1|altpll_component|auto_generated|pll1|clk[0] ; 6.060        ; -0.088     ; 3.835      ;
; 2.136 ; vga_controller:vga_1|counter_y_reg[9] ; vga_b_reg[5] ; clock_1|altpll_component|auto_generated|pll1|clk[0] ; clock_1|altpll_component|auto_generated|pll1|clk[0] ; 6.060        ; -0.088     ; 3.835      ;
; 2.136 ; vga_controller:vga_1|counter_y_reg[9] ; vga_b_reg[6] ; clock_1|altpll_component|auto_generated|pll1|clk[0] ; clock_1|altpll_component|auto_generated|pll1|clk[0] ; 6.060        ; -0.088     ; 3.835      ;
; 2.136 ; vga_controller:vga_1|counter_y_reg[9] ; vga_b_reg[7] ; clock_1|altpll_component|auto_generated|pll1|clk[0] ; clock_1|altpll_component|auto_generated|pll1|clk[0] ; 6.060        ; -0.088     ; 3.835      ;
; 2.161 ; vga_controller:vga_1|counter_x_reg[3] ; vga_r_reg[0] ; clock_1|altpll_component|auto_generated|pll1|clk[0] ; clock_1|altpll_component|auto_generated|pll1|clk[0] ; 6.060        ; -0.107     ; 3.791      ;
; 2.161 ; vga_controller:vga_1|counter_x_reg[3] ; vga_r_reg[3] ; clock_1|altpll_component|auto_generated|pll1|clk[0] ; clock_1|altpll_component|auto_generated|pll1|clk[0] ; 6.060        ; -0.107     ; 3.791      ;
; 2.161 ; vga_controller:vga_1|counter_x_reg[3] ; vga_r_reg[5] ; clock_1|altpll_component|auto_generated|pll1|clk[0] ; clock_1|altpll_component|auto_generated|pll1|clk[0] ; 6.060        ; -0.107     ; 3.791      ;
; 2.161 ; vga_controller:vga_1|counter_x_reg[3] ; vga_g_reg[0] ; clock_1|altpll_component|auto_generated|pll1|clk[0] ; clock_1|altpll_component|auto_generated|pll1|clk[0] ; 6.060        ; -0.107     ; 3.791      ;
; 2.161 ; vga_controller:vga_1|counter_x_reg[3] ; vga_g_reg[2] ; clock_1|altpll_component|auto_generated|pll1|clk[0] ; clock_1|altpll_component|auto_generated|pll1|clk[0] ; 6.060        ; -0.107     ; 3.791      ;
; 2.161 ; vga_controller:vga_1|counter_x_reg[3] ; vga_g_reg[5] ; clock_1|altpll_component|auto_generated|pll1|clk[0] ; clock_1|altpll_component|auto_generated|pll1|clk[0] ; 6.060        ; -0.107     ; 3.791      ;
; 2.161 ; vga_controller:vga_1|counter_x_reg[3] ; vga_g_reg[6] ; clock_1|altpll_component|auto_generated|pll1|clk[0] ; clock_1|altpll_component|auto_generated|pll1|clk[0] ; 6.060        ; -0.107     ; 3.791      ;
; 2.161 ; vga_controller:vga_1|counter_x_reg[3] ; vga_g_reg[7] ; clock_1|altpll_component|auto_generated|pll1|clk[0] ; clock_1|altpll_component|auto_generated|pll1|clk[0] ; 6.060        ; -0.107     ; 3.791      ;
; 2.161 ; vga_controller:vga_1|counter_x_reg[3] ; vga_b_reg[0] ; clock_1|altpll_component|auto_generated|pll1|clk[0] ; clock_1|altpll_component|auto_generated|pll1|clk[0] ; 6.060        ; -0.107     ; 3.791      ;
; 2.161 ; vga_controller:vga_1|counter_x_reg[3] ; vga_b_reg[1] ; clock_1|altpll_component|auto_generated|pll1|clk[0] ; clock_1|altpll_component|auto_generated|pll1|clk[0] ; 6.060        ; -0.107     ; 3.791      ;
; 2.161 ; vga_controller:vga_1|counter_x_reg[3] ; vga_b_reg[2] ; clock_1|altpll_component|auto_generated|pll1|clk[0] ; clock_1|altpll_component|auto_generated|pll1|clk[0] ; 6.060        ; -0.107     ; 3.791      ;
; 2.161 ; vga_controller:vga_1|counter_x_reg[3] ; vga_b_reg[3] ; clock_1|altpll_component|auto_generated|pll1|clk[0] ; clock_1|altpll_component|auto_generated|pll1|clk[0] ; 6.060        ; -0.107     ; 3.791      ;
; 2.161 ; vga_controller:vga_1|counter_x_reg[3] ; vga_b_reg[4] ; clock_1|altpll_component|auto_generated|pll1|clk[0] ; clock_1|altpll_component|auto_generated|pll1|clk[0] ; 6.060        ; -0.107     ; 3.791      ;
; 2.161 ; vga_controller:vga_1|counter_x_reg[3] ; vga_b_reg[5] ; clock_1|altpll_component|auto_generated|pll1|clk[0] ; clock_1|altpll_component|auto_generated|pll1|clk[0] ; 6.060        ; -0.107     ; 3.791      ;
; 2.161 ; vga_controller:vga_1|counter_x_reg[3] ; vga_b_reg[6] ; clock_1|altpll_component|auto_generated|pll1|clk[0] ; clock_1|altpll_component|auto_generated|pll1|clk[0] ; 6.060        ; -0.107     ; 3.791      ;
; 2.161 ; vga_controller:vga_1|counter_x_reg[3] ; vga_b_reg[7] ; clock_1|altpll_component|auto_generated|pll1|clk[0] ; clock_1|altpll_component|auto_generated|pll1|clk[0] ; 6.060        ; -0.107     ; 3.791      ;
; 2.226 ; vga_controller:vga_1|counter_x_reg[6] ; vga_r_reg[0] ; clock_1|altpll_component|auto_generated|pll1|clk[0] ; clock_1|altpll_component|auto_generated|pll1|clk[0] ; 6.060        ; -0.107     ; 3.726      ;
; 2.226 ; vga_controller:vga_1|counter_x_reg[6] ; vga_r_reg[3] ; clock_1|altpll_component|auto_generated|pll1|clk[0] ; clock_1|altpll_component|auto_generated|pll1|clk[0] ; 6.060        ; -0.107     ; 3.726      ;
; 2.226 ; vga_controller:vga_1|counter_x_reg[6] ; vga_r_reg[5] ; clock_1|altpll_component|auto_generated|pll1|clk[0] ; clock_1|altpll_component|auto_generated|pll1|clk[0] ; 6.060        ; -0.107     ; 3.726      ;
; 2.226 ; vga_controller:vga_1|counter_x_reg[6] ; vga_g_reg[0] ; clock_1|altpll_component|auto_generated|pll1|clk[0] ; clock_1|altpll_component|auto_generated|pll1|clk[0] ; 6.060        ; -0.107     ; 3.726      ;
; 2.226 ; vga_controller:vga_1|counter_x_reg[6] ; vga_g_reg[2] ; clock_1|altpll_component|auto_generated|pll1|clk[0] ; clock_1|altpll_component|auto_generated|pll1|clk[0] ; 6.060        ; -0.107     ; 3.726      ;
; 2.226 ; vga_controller:vga_1|counter_x_reg[6] ; vga_g_reg[5] ; clock_1|altpll_component|auto_generated|pll1|clk[0] ; clock_1|altpll_component|auto_generated|pll1|clk[0] ; 6.060        ; -0.107     ; 3.726      ;
; 2.226 ; vga_controller:vga_1|counter_x_reg[6] ; vga_g_reg[6] ; clock_1|altpll_component|auto_generated|pll1|clk[0] ; clock_1|altpll_component|auto_generated|pll1|clk[0] ; 6.060        ; -0.107     ; 3.726      ;
; 2.226 ; vga_controller:vga_1|counter_x_reg[6] ; vga_g_reg[7] ; clock_1|altpll_component|auto_generated|pll1|clk[0] ; clock_1|altpll_component|auto_generated|pll1|clk[0] ; 6.060        ; -0.107     ; 3.726      ;
; 2.226 ; vga_controller:vga_1|counter_x_reg[6] ; vga_b_reg[0] ; clock_1|altpll_component|auto_generated|pll1|clk[0] ; clock_1|altpll_component|auto_generated|pll1|clk[0] ; 6.060        ; -0.107     ; 3.726      ;
; 2.226 ; vga_controller:vga_1|counter_x_reg[6] ; vga_b_reg[1] ; clock_1|altpll_component|auto_generated|pll1|clk[0] ; clock_1|altpll_component|auto_generated|pll1|clk[0] ; 6.060        ; -0.107     ; 3.726      ;
; 2.226 ; vga_controller:vga_1|counter_x_reg[6] ; vga_b_reg[2] ; clock_1|altpll_component|auto_generated|pll1|clk[0] ; clock_1|altpll_component|auto_generated|pll1|clk[0] ; 6.060        ; -0.107     ; 3.726      ;
; 2.226 ; vga_controller:vga_1|counter_x_reg[6] ; vga_b_reg[3] ; clock_1|altpll_component|auto_generated|pll1|clk[0] ; clock_1|altpll_component|auto_generated|pll1|clk[0] ; 6.060        ; -0.107     ; 3.726      ;
; 2.226 ; vga_controller:vga_1|counter_x_reg[6] ; vga_b_reg[4] ; clock_1|altpll_component|auto_generated|pll1|clk[0] ; clock_1|altpll_component|auto_generated|pll1|clk[0] ; 6.060        ; -0.107     ; 3.726      ;
; 2.226 ; vga_controller:vga_1|counter_x_reg[6] ; vga_b_reg[5] ; clock_1|altpll_component|auto_generated|pll1|clk[0] ; clock_1|altpll_component|auto_generated|pll1|clk[0] ; 6.060        ; -0.107     ; 3.726      ;
; 2.226 ; vga_controller:vga_1|counter_x_reg[6] ; vga_b_reg[6] ; clock_1|altpll_component|auto_generated|pll1|clk[0] ; clock_1|altpll_component|auto_generated|pll1|clk[0] ; 6.060        ; -0.107     ; 3.726      ;
; 2.226 ; vga_controller:vga_1|counter_x_reg[6] ; vga_b_reg[7] ; clock_1|altpll_component|auto_generated|pll1|clk[0] ; clock_1|altpll_component|auto_generated|pll1|clk[0] ; 6.060        ; -0.107     ; 3.726      ;
; 2.233 ; vga_controller:vga_1|counter_x_reg[1] ; vga_r_reg[0] ; clock_1|altpll_component|auto_generated|pll1|clk[0] ; clock_1|altpll_component|auto_generated|pll1|clk[0] ; 6.060        ; -0.107     ; 3.719      ;
; 2.233 ; vga_controller:vga_1|counter_x_reg[1] ; vga_r_reg[3] ; clock_1|altpll_component|auto_generated|pll1|clk[0] ; clock_1|altpll_component|auto_generated|pll1|clk[0] ; 6.060        ; -0.107     ; 3.719      ;
; 2.233 ; vga_controller:vga_1|counter_x_reg[1] ; vga_r_reg[5] ; clock_1|altpll_component|auto_generated|pll1|clk[0] ; clock_1|altpll_component|auto_generated|pll1|clk[0] ; 6.060        ; -0.107     ; 3.719      ;
; 2.233 ; vga_controller:vga_1|counter_x_reg[1] ; vga_g_reg[0] ; clock_1|altpll_component|auto_generated|pll1|clk[0] ; clock_1|altpll_component|auto_generated|pll1|clk[0] ; 6.060        ; -0.107     ; 3.719      ;
; 2.233 ; vga_controller:vga_1|counter_x_reg[1] ; vga_g_reg[2] ; clock_1|altpll_component|auto_generated|pll1|clk[0] ; clock_1|altpll_component|auto_generated|pll1|clk[0] ; 6.060        ; -0.107     ; 3.719      ;
; 2.233 ; vga_controller:vga_1|counter_x_reg[1] ; vga_g_reg[5] ; clock_1|altpll_component|auto_generated|pll1|clk[0] ; clock_1|altpll_component|auto_generated|pll1|clk[0] ; 6.060        ; -0.107     ; 3.719      ;
; 2.233 ; vga_controller:vga_1|counter_x_reg[1] ; vga_g_reg[6] ; clock_1|altpll_component|auto_generated|pll1|clk[0] ; clock_1|altpll_component|auto_generated|pll1|clk[0] ; 6.060        ; -0.107     ; 3.719      ;
; 2.233 ; vga_controller:vga_1|counter_x_reg[1] ; vga_g_reg[7] ; clock_1|altpll_component|auto_generated|pll1|clk[0] ; clock_1|altpll_component|auto_generated|pll1|clk[0] ; 6.060        ; -0.107     ; 3.719      ;
; 2.233 ; vga_controller:vga_1|counter_x_reg[1] ; vga_b_reg[0] ; clock_1|altpll_component|auto_generated|pll1|clk[0] ; clock_1|altpll_component|auto_generated|pll1|clk[0] ; 6.060        ; -0.107     ; 3.719      ;
; 2.233 ; vga_controller:vga_1|counter_x_reg[1] ; vga_b_reg[1] ; clock_1|altpll_component|auto_generated|pll1|clk[0] ; clock_1|altpll_component|auto_generated|pll1|clk[0] ; 6.060        ; -0.107     ; 3.719      ;
; 2.233 ; vga_controller:vga_1|counter_x_reg[1] ; vga_b_reg[2] ; clock_1|altpll_component|auto_generated|pll1|clk[0] ; clock_1|altpll_component|auto_generated|pll1|clk[0] ; 6.060        ; -0.107     ; 3.719      ;
; 2.233 ; vga_controller:vga_1|counter_x_reg[1] ; vga_b_reg[3] ; clock_1|altpll_component|auto_generated|pll1|clk[0] ; clock_1|altpll_component|auto_generated|pll1|clk[0] ; 6.060        ; -0.107     ; 3.719      ;
; 2.233 ; vga_controller:vga_1|counter_x_reg[1] ; vga_b_reg[4] ; clock_1|altpll_component|auto_generated|pll1|clk[0] ; clock_1|altpll_component|auto_generated|pll1|clk[0] ; 6.060        ; -0.107     ; 3.719      ;
; 2.233 ; vga_controller:vga_1|counter_x_reg[1] ; vga_b_reg[5] ; clock_1|altpll_component|auto_generated|pll1|clk[0] ; clock_1|altpll_component|auto_generated|pll1|clk[0] ; 6.060        ; -0.107     ; 3.719      ;
; 2.233 ; vga_controller:vga_1|counter_x_reg[1] ; vga_b_reg[6] ; clock_1|altpll_component|auto_generated|pll1|clk[0] ; clock_1|altpll_component|auto_generated|pll1|clk[0] ; 6.060        ; -0.107     ; 3.719      ;
; 2.233 ; vga_controller:vga_1|counter_x_reg[1] ; vga_b_reg[7] ; clock_1|altpll_component|auto_generated|pll1|clk[0] ; clock_1|altpll_component|auto_generated|pll1|clk[0] ; 6.060        ; -0.107     ; 3.719      ;
; 2.286 ; vga_controller:vga_1|counter_y_reg[8] ; vga_r_reg[0] ; clock_1|altpll_component|auto_generated|pll1|clk[0] ; clock_1|altpll_component|auto_generated|pll1|clk[0] ; 6.060        ; -0.088     ; 3.685      ;
; 2.286 ; vga_controller:vga_1|counter_y_reg[8] ; vga_r_reg[3] ; clock_1|altpll_component|auto_generated|pll1|clk[0] ; clock_1|altpll_component|auto_generated|pll1|clk[0] ; 6.060        ; -0.088     ; 3.685      ;
; 2.286 ; vga_controller:vga_1|counter_y_reg[8] ; vga_r_reg[5] ; clock_1|altpll_component|auto_generated|pll1|clk[0] ; clock_1|altpll_component|auto_generated|pll1|clk[0] ; 6.060        ; -0.088     ; 3.685      ;
; 2.286 ; vga_controller:vga_1|counter_y_reg[8] ; vga_g_reg[0] ; clock_1|altpll_component|auto_generated|pll1|clk[0] ; clock_1|altpll_component|auto_generated|pll1|clk[0] ; 6.060        ; -0.088     ; 3.685      ;
; 2.286 ; vga_controller:vga_1|counter_y_reg[8] ; vga_g_reg[2] ; clock_1|altpll_component|auto_generated|pll1|clk[0] ; clock_1|altpll_component|auto_generated|pll1|clk[0] ; 6.060        ; -0.088     ; 3.685      ;
; 2.286 ; vga_controller:vga_1|counter_y_reg[8] ; vga_g_reg[5] ; clock_1|altpll_component|auto_generated|pll1|clk[0] ; clock_1|altpll_component|auto_generated|pll1|clk[0] ; 6.060        ; -0.088     ; 3.685      ;
; 2.286 ; vga_controller:vga_1|counter_y_reg[8] ; vga_g_reg[6] ; clock_1|altpll_component|auto_generated|pll1|clk[0] ; clock_1|altpll_component|auto_generated|pll1|clk[0] ; 6.060        ; -0.088     ; 3.685      ;
; 2.286 ; vga_controller:vga_1|counter_y_reg[8] ; vga_g_reg[7] ; clock_1|altpll_component|auto_generated|pll1|clk[0] ; clock_1|altpll_component|auto_generated|pll1|clk[0] ; 6.060        ; -0.088     ; 3.685      ;
; 2.286 ; vga_controller:vga_1|counter_y_reg[8] ; vga_b_reg[0] ; clock_1|altpll_component|auto_generated|pll1|clk[0] ; clock_1|altpll_component|auto_generated|pll1|clk[0] ; 6.060        ; -0.088     ; 3.685      ;
; 2.286 ; vga_controller:vga_1|counter_y_reg[8] ; vga_b_reg[1] ; clock_1|altpll_component|auto_generated|pll1|clk[0] ; clock_1|altpll_component|auto_generated|pll1|clk[0] ; 6.060        ; -0.088     ; 3.685      ;
; 2.286 ; vga_controller:vga_1|counter_y_reg[8] ; vga_b_reg[2] ; clock_1|altpll_component|auto_generated|pll1|clk[0] ; clock_1|altpll_component|auto_generated|pll1|clk[0] ; 6.060        ; -0.088     ; 3.685      ;
; 2.286 ; vga_controller:vga_1|counter_y_reg[8] ; vga_b_reg[3] ; clock_1|altpll_component|auto_generated|pll1|clk[0] ; clock_1|altpll_component|auto_generated|pll1|clk[0] ; 6.060        ; -0.088     ; 3.685      ;
; 2.286 ; vga_controller:vga_1|counter_y_reg[8] ; vga_b_reg[4] ; clock_1|altpll_component|auto_generated|pll1|clk[0] ; clock_1|altpll_component|auto_generated|pll1|clk[0] ; 6.060        ; -0.088     ; 3.685      ;
; 2.286 ; vga_controller:vga_1|counter_y_reg[8] ; vga_b_reg[5] ; clock_1|altpll_component|auto_generated|pll1|clk[0] ; clock_1|altpll_component|auto_generated|pll1|clk[0] ; 6.060        ; -0.088     ; 3.685      ;
; 2.286 ; vga_controller:vga_1|counter_y_reg[8] ; vga_b_reg[6] ; clock_1|altpll_component|auto_generated|pll1|clk[0] ; clock_1|altpll_component|auto_generated|pll1|clk[0] ; 6.060        ; -0.088     ; 3.685      ;
; 2.286 ; vga_controller:vga_1|counter_y_reg[8] ; vga_b_reg[7] ; clock_1|altpll_component|auto_generated|pll1|clk[0] ; clock_1|altpll_component|auto_generated|pll1|clk[0] ; 6.060        ; -0.088     ; 3.685      ;
; 2.339 ; vga_controller:vga_1|counter_x_reg[4] ; vga_r_reg[0] ; clock_1|altpll_component|auto_generated|pll1|clk[0] ; clock_1|altpll_component|auto_generated|pll1|clk[0] ; 6.060        ; -0.107     ; 3.613      ;
; 2.339 ; vga_controller:vga_1|counter_x_reg[4] ; vga_r_reg[3] ; clock_1|altpll_component|auto_generated|pll1|clk[0] ; clock_1|altpll_component|auto_generated|pll1|clk[0] ; 6.060        ; -0.107     ; 3.613      ;
; 2.339 ; vga_controller:vga_1|counter_x_reg[4] ; vga_r_reg[5] ; clock_1|altpll_component|auto_generated|pll1|clk[0] ; clock_1|altpll_component|auto_generated|pll1|clk[0] ; 6.060        ; -0.107     ; 3.613      ;
; 2.339 ; vga_controller:vga_1|counter_x_reg[4] ; vga_g_reg[0] ; clock_1|altpll_component|auto_generated|pll1|clk[0] ; clock_1|altpll_component|auto_generated|pll1|clk[0] ; 6.060        ; -0.107     ; 3.613      ;
; 2.339 ; vga_controller:vga_1|counter_x_reg[4] ; vga_g_reg[2] ; clock_1|altpll_component|auto_generated|pll1|clk[0] ; clock_1|altpll_component|auto_generated|pll1|clk[0] ; 6.060        ; -0.107     ; 3.613      ;
; 2.339 ; vga_controller:vga_1|counter_x_reg[4] ; vga_g_reg[5] ; clock_1|altpll_component|auto_generated|pll1|clk[0] ; clock_1|altpll_component|auto_generated|pll1|clk[0] ; 6.060        ; -0.107     ; 3.613      ;
; 2.339 ; vga_controller:vga_1|counter_x_reg[4] ; vga_g_reg[6] ; clock_1|altpll_component|auto_generated|pll1|clk[0] ; clock_1|altpll_component|auto_generated|pll1|clk[0] ; 6.060        ; -0.107     ; 3.613      ;
; 2.339 ; vga_controller:vga_1|counter_x_reg[4] ; vga_g_reg[7] ; clock_1|altpll_component|auto_generated|pll1|clk[0] ; clock_1|altpll_component|auto_generated|pll1|clk[0] ; 6.060        ; -0.107     ; 3.613      ;
; 2.339 ; vga_controller:vga_1|counter_x_reg[4] ; vga_b_reg[0] ; clock_1|altpll_component|auto_generated|pll1|clk[0] ; clock_1|altpll_component|auto_generated|pll1|clk[0] ; 6.060        ; -0.107     ; 3.613      ;
; 2.339 ; vga_controller:vga_1|counter_x_reg[4] ; vga_b_reg[1] ; clock_1|altpll_component|auto_generated|pll1|clk[0] ; clock_1|altpll_component|auto_generated|pll1|clk[0] ; 6.060        ; -0.107     ; 3.613      ;
; 2.339 ; vga_controller:vga_1|counter_x_reg[4] ; vga_b_reg[2] ; clock_1|altpll_component|auto_generated|pll1|clk[0] ; clock_1|altpll_component|auto_generated|pll1|clk[0] ; 6.060        ; -0.107     ; 3.613      ;
; 2.339 ; vga_controller:vga_1|counter_x_reg[4] ; vga_b_reg[3] ; clock_1|altpll_component|auto_generated|pll1|clk[0] ; clock_1|altpll_component|auto_generated|pll1|clk[0] ; 6.060        ; -0.107     ; 3.613      ;
; 2.339 ; vga_controller:vga_1|counter_x_reg[4] ; vga_b_reg[4] ; clock_1|altpll_component|auto_generated|pll1|clk[0] ; clock_1|altpll_component|auto_generated|pll1|clk[0] ; 6.060        ; -0.107     ; 3.613      ;
; 2.339 ; vga_controller:vga_1|counter_x_reg[4] ; vga_b_reg[5] ; clock_1|altpll_component|auto_generated|pll1|clk[0] ; clock_1|altpll_component|auto_generated|pll1|clk[0] ; 6.060        ; -0.107     ; 3.613      ;
; 2.339 ; vga_controller:vga_1|counter_x_reg[4] ; vga_b_reg[6] ; clock_1|altpll_component|auto_generated|pll1|clk[0] ; clock_1|altpll_component|auto_generated|pll1|clk[0] ; 6.060        ; -0.107     ; 3.613      ;
; 2.339 ; vga_controller:vga_1|counter_x_reg[4] ; vga_b_reg[7] ; clock_1|altpll_component|auto_generated|pll1|clk[0] ; clock_1|altpll_component|auto_generated|pll1|clk[0] ; 6.060        ; -0.107     ; 3.613      ;
; 2.368 ; vga_controller:vga_1|counter_x_reg[7] ; vga_r_reg[0] ; clock_1|altpll_component|auto_generated|pll1|clk[0] ; clock_1|altpll_component|auto_generated|pll1|clk[0] ; 6.060        ; -0.107     ; 3.584      ;
; 2.368 ; vga_controller:vga_1|counter_x_reg[7] ; vga_r_reg[3] ; clock_1|altpll_component|auto_generated|pll1|clk[0] ; clock_1|altpll_component|auto_generated|pll1|clk[0] ; 6.060        ; -0.107     ; 3.584      ;
; 2.368 ; vga_controller:vga_1|counter_x_reg[7] ; vga_r_reg[5] ; clock_1|altpll_component|auto_generated|pll1|clk[0] ; clock_1|altpll_component|auto_generated|pll1|clk[0] ; 6.060        ; -0.107     ; 3.584      ;
; 2.368 ; vga_controller:vga_1|counter_x_reg[7] ; vga_g_reg[0] ; clock_1|altpll_component|auto_generated|pll1|clk[0] ; clock_1|altpll_component|auto_generated|pll1|clk[0] ; 6.060        ; -0.107     ; 3.584      ;
+-------+---------------------------------------+--------------+-----------------------------------------------------+-----------------------------------------------------+--------------+------------+------------+


+----------------------------------------------------------------------------------------------------------------------------------------------------------------------------------------------------------------------------------------------+
; Slow 1200mV 0C Model Hold: 'clock_1|altpll_component|auto_generated|pll1|clk[0]'                                                                                                                                                             ;
+-------+----------------------------------------+----------------------------------------+-----------------------------------------------------+-----------------------------------------------------+--------------+------------+------------+
; Slack ; From Node                              ; To Node                                ; Launch Clock                                        ; Latch Clock                                         ; Relationship ; Clock Skew ; Data Delay ;
+-------+----------------------------------------+----------------------------------------+-----------------------------------------------------+-----------------------------------------------------+--------------+------------+------------+
; 0.355 ; vga_controller:vga_1|counter_x_reg[0]  ; vga_controller:vga_1|counter_x_reg[0]  ; clock_1|altpll_component|auto_generated|pll1|clk[0] ; clock_1|altpll_component|auto_generated|pll1|clk[0] ; 0.000        ; 0.071      ; 0.597      ;
; 0.400 ; vga_controller:vga_1|counter_x_reg[11] ; vga_controller:vga_1|counter_x_reg[11] ; clock_1|altpll_component|auto_generated|pll1|clk[0] ; clock_1|altpll_component|auto_generated|pll1|clk[0] ; 0.000        ; 0.071      ; 0.642      ;
; 0.588 ; vga_controller:vga_1|counter_y_reg[9]  ; vga_controller:vga_1|counter_y_reg[9]  ; clock_1|altpll_component|auto_generated|pll1|clk[0] ; clock_1|altpll_component|auto_generated|pll1|clk[0] ; 0.000        ; 0.070      ; 0.829      ;
; 0.592 ; vga_controller:vga_1|counter_y_reg[7]  ; vga_controller:vga_1|counter_y_reg[7]  ; clock_1|altpll_component|auto_generated|pll1|clk[0] ; clock_1|altpll_component|auto_generated|pll1|clk[0] ; 0.000        ; 0.070      ; 0.833      ;
; 0.593 ; vga_controller:vga_1|counter_y_reg[5]  ; vga_controller:vga_1|counter_y_reg[5]  ; clock_1|altpll_component|auto_generated|pll1|clk[0] ; clock_1|altpll_component|auto_generated|pll1|clk[0] ; 0.000        ; 0.070      ; 0.834      ;
; 0.594 ; vga_controller:vga_1|counter_y_reg[8]  ; vga_controller:vga_1|counter_y_reg[8]  ; clock_1|altpll_component|auto_generated|pll1|clk[0] ; clock_1|altpll_component|auto_generated|pll1|clk[0] ; 0.000        ; 0.070      ; 0.835      ;
; 0.594 ; vga_controller:vga_1|counter_y_reg[6]  ; vga_controller:vga_1|counter_y_reg[6]  ; clock_1|altpll_component|auto_generated|pll1|clk[0] ; clock_1|altpll_component|auto_generated|pll1|clk[0] ; 0.000        ; 0.070      ; 0.835      ;
; 0.595 ; vga_controller:vga_1|counter_y_reg[1]  ; vga_controller:vga_1|counter_y_reg[1]  ; clock_1|altpll_component|auto_generated|pll1|clk[0] ; clock_1|altpll_component|auto_generated|pll1|clk[0] ; 0.000        ; 0.070      ; 0.836      ;
; 0.599 ; vga_controller:vga_1|counter_y_reg[2]  ; vga_controller:vga_1|counter_y_reg[2]  ; clock_1|altpll_component|auto_generated|pll1|clk[0] ; clock_1|altpll_component|auto_generated|pll1|clk[0] ; 0.000        ; 0.070      ; 0.840      ;
; 0.601 ; vga_controller:vga_1|counter_x_reg[10] ; vga_controller:vga_1|counter_x_reg[10] ; clock_1|altpll_component|auto_generated|pll1|clk[0] ; clock_1|altpll_component|auto_generated|pll1|clk[0] ; 0.000        ; 0.071      ; 0.843      ;
; 0.603 ; vga_controller:vga_1|counter_y_reg[11] ; vga_controller:vga_1|counter_y_reg[11] ; clock_1|altpll_component|auto_generated|pll1|clk[0] ; clock_1|altpll_component|auto_generated|pll1|clk[0] ; 0.000        ; 0.070      ; 0.844      ;
; 0.604 ; vga_controller:vga_1|counter_x_reg[6]  ; vga_controller:vga_1|counter_x_reg[6]  ; clock_1|altpll_component|auto_generated|pll1|clk[0] ; clock_1|altpll_component|auto_generated|pll1|clk[0] ; 0.000        ; 0.071      ; 0.846      ;
; 0.606 ; vga_controller:vga_1|counter_x_reg[7]  ; vga_controller:vga_1|counter_x_reg[7]  ; clock_1|altpll_component|auto_generated|pll1|clk[0] ; clock_1|altpll_component|auto_generated|pll1|clk[0] ; 0.000        ; 0.071      ; 0.848      ;
; 0.606 ; vga_controller:vga_1|counter_x_reg[9]  ; vga_controller:vga_1|counter_x_reg[9]  ; clock_1|altpll_component|auto_generated|pll1|clk[0] ; clock_1|altpll_component|auto_generated|pll1|clk[0] ; 0.000        ; 0.071      ; 0.848      ;
; 0.607 ; vga_controller:vga_1|counter_y_reg[10] ; vga_controller:vga_1|counter_y_reg[10] ; clock_1|altpll_component|auto_generated|pll1|clk[0] ; clock_1|altpll_component|auto_generated|pll1|clk[0] ; 0.000        ; 0.070      ; 0.848      ;
; 0.608 ; vga_controller:vga_1|counter_y_reg[3]  ; vga_controller:vga_1|counter_y_reg[3]  ; clock_1|altpll_component|auto_generated|pll1|clk[0] ; clock_1|altpll_component|auto_generated|pll1|clk[0] ; 0.000        ; 0.070      ; 0.849      ;
; 0.608 ; vga_controller:vga_1|counter_x_reg[8]  ; vga_controller:vga_1|counter_x_reg[8]  ; clock_1|altpll_component|auto_generated|pll1|clk[0] ; clock_1|altpll_component|auto_generated|pll1|clk[0] ; 0.000        ; 0.071      ; 0.850      ;
; 0.608 ; vga_controller:vga_1|counter_x_reg[2]  ; vga_controller:vga_1|counter_x_reg[2]  ; clock_1|altpll_component|auto_generated|pll1|clk[0] ; clock_1|altpll_component|auto_generated|pll1|clk[0] ; 0.000        ; 0.071      ; 0.850      ;
; 0.609 ; vga_controller:vga_1|counter_y_reg[4]  ; vga_controller:vga_1|counter_y_reg[4]  ; clock_1|altpll_component|auto_generated|pll1|clk[0] ; clock_1|altpll_component|auto_generated|pll1|clk[0] ; 0.000        ; 0.070      ; 0.850      ;
; 0.613 ; vga_controller:vga_1|counter_x_reg[4]  ; vga_controller:vga_1|counter_x_reg[4]  ; clock_1|altpll_component|auto_generated|pll1|clk[0] ; clock_1|altpll_component|auto_generated|pll1|clk[0] ; 0.000        ; 0.071      ; 0.855      ;
; 0.613 ; vga_controller:vga_1|counter_x_reg[5]  ; vga_controller:vga_1|counter_x_reg[5]  ; clock_1|altpll_component|auto_generated|pll1|clk[0] ; clock_1|altpll_component|auto_generated|pll1|clk[0] ; 0.000        ; 0.071      ; 0.855      ;
; 0.614 ; vga_controller:vga_1|counter_x_reg[3]  ; vga_controller:vga_1|counter_x_reg[3]  ; clock_1|altpll_component|auto_generated|pll1|clk[0] ; clock_1|altpll_component|auto_generated|pll1|clk[0] ; 0.000        ; 0.071      ; 0.856      ;
; 0.620 ; vga_controller:vga_1|counter_y_reg[0]  ; vga_controller:vga_1|counter_y_reg[0]  ; clock_1|altpll_component|auto_generated|pll1|clk[0] ; clock_1|altpll_component|auto_generated|pll1|clk[0] ; 0.000        ; 0.070      ; 0.861      ;
; 0.629 ; vga_controller:vga_1|counter_x_reg[1]  ; vga_controller:vga_1|counter_x_reg[1]  ; clock_1|altpll_component|auto_generated|pll1|clk[0] ; clock_1|altpll_component|auto_generated|pll1|clk[0] ; 0.000        ; 0.071      ; 0.871      ;
; 0.874 ; vga_controller:vga_1|counter_y_reg[9]  ; vga_controller:vga_1|counter_y_reg[10] ; clock_1|altpll_component|auto_generated|pll1|clk[0] ; clock_1|altpll_component|auto_generated|pll1|clk[0] ; 0.000        ; 0.070      ; 1.115      ;
; 0.879 ; vga_controller:vga_1|counter_y_reg[7]  ; vga_controller:vga_1|counter_y_reg[8]  ; clock_1|altpll_component|auto_generated|pll1|clk[0] ; clock_1|altpll_component|auto_generated|pll1|clk[0] ; 0.000        ; 0.070      ; 1.120      ;
; 0.880 ; vga_controller:vga_1|counter_y_reg[5]  ; vga_controller:vga_1|counter_y_reg[6]  ; clock_1|altpll_component|auto_generated|pll1|clk[0] ; clock_1|altpll_component|auto_generated|pll1|clk[0] ; 0.000        ; 0.070      ; 1.121      ;
; 0.881 ; vga_controller:vga_1|counter_y_reg[1]  ; vga_controller:vga_1|counter_y_reg[2]  ; clock_1|altpll_component|auto_generated|pll1|clk[0] ; clock_1|altpll_component|auto_generated|pll1|clk[0] ; 0.000        ; 0.070      ; 1.122      ;
; 0.882 ; vga_controller:vga_1|counter_y_reg[8]  ; vga_controller:vga_1|counter_y_reg[9]  ; clock_1|altpll_component|auto_generated|pll1|clk[0] ; clock_1|altpll_component|auto_generated|pll1|clk[0] ; 0.000        ; 0.070      ; 1.123      ;
; 0.882 ; vga_controller:vga_1|counter_y_reg[6]  ; vga_controller:vga_1|counter_y_reg[7]  ; clock_1|altpll_component|auto_generated|pll1|clk[0] ; clock_1|altpll_component|auto_generated|pll1|clk[0] ; 0.000        ; 0.070      ; 1.123      ;
; 0.887 ; vga_controller:vga_1|counter_x_reg[10] ; vga_controller:vga_1|counter_x_reg[11] ; clock_1|altpll_component|auto_generated|pll1|clk[0] ; clock_1|altpll_component|auto_generated|pll1|clk[0] ; 0.000        ; 0.071      ; 1.129      ;
; 0.887 ; vga_controller:vga_1|counter_y_reg[0]  ; vga_controller:vga_1|counter_y_reg[1]  ; clock_1|altpll_component|auto_generated|pll1|clk[0] ; clock_1|altpll_component|auto_generated|pll1|clk[0] ; 0.000        ; 0.070      ; 1.128      ;
; 0.887 ; vga_controller:vga_1|counter_y_reg[2]  ; vga_controller:vga_1|counter_y_reg[3]  ; clock_1|altpll_component|auto_generated|pll1|clk[0] ; clock_1|altpll_component|auto_generated|pll1|clk[0] ; 0.000        ; 0.070      ; 1.128      ;
; 0.891 ; vga_controller:vga_1|counter_x_reg[6]  ; vga_controller:vga_1|counter_x_reg[7]  ; clock_1|altpll_component|auto_generated|pll1|clk[0] ; clock_1|altpll_component|auto_generated|pll1|clk[0] ; 0.000        ; 0.071      ; 1.133      ;
; 0.893 ; vga_controller:vga_1|counter_y_reg[8]  ; vga_controller:vga_1|counter_y_reg[10] ; clock_1|altpll_component|auto_generated|pll1|clk[0] ; clock_1|altpll_component|auto_generated|pll1|clk[0] ; 0.000        ; 0.070      ; 1.134      ;
; 0.893 ; vga_controller:vga_1|counter_y_reg[6]  ; vga_controller:vga_1|counter_y_reg[8]  ; clock_1|altpll_component|auto_generated|pll1|clk[0] ; clock_1|altpll_component|auto_generated|pll1|clk[0] ; 0.000        ; 0.070      ; 1.134      ;
; 0.894 ; vga_controller:vga_1|counter_x_reg[8]  ; vga_controller:vga_1|counter_x_reg[9]  ; clock_1|altpll_component|auto_generated|pll1|clk[0] ; clock_1|altpll_component|auto_generated|pll1|clk[0] ; 0.000        ; 0.071      ; 1.136      ;
; 0.894 ; vga_controller:vga_1|counter_y_reg[3]  ; vga_controller:vga_1|counter_y_reg[4]  ; clock_1|altpll_component|auto_generated|pll1|clk[0] ; clock_1|altpll_component|auto_generated|pll1|clk[0] ; 0.000        ; 0.070      ; 1.135      ;
; 0.894 ; vga_controller:vga_1|counter_x_reg[2]  ; vga_controller:vga_1|counter_x_reg[3]  ; clock_1|altpll_component|auto_generated|pll1|clk[0] ; clock_1|altpll_component|auto_generated|pll1|clk[0] ; 0.000        ; 0.071      ; 1.136      ;
; 0.894 ; vga_controller:vga_1|counter_x_reg[9]  ; vga_controller:vga_1|counter_x_reg[10] ; clock_1|altpll_component|auto_generated|pll1|clk[0] ; clock_1|altpll_component|auto_generated|pll1|clk[0] ; 0.000        ; 0.071      ; 1.136      ;
; 0.894 ; vga_controller:vga_1|counter_x_reg[7]  ; vga_controller:vga_1|counter_x_reg[8]  ; clock_1|altpll_component|auto_generated|pll1|clk[0] ; clock_1|altpll_component|auto_generated|pll1|clk[0] ; 0.000        ; 0.071      ; 1.136      ;
; 0.895 ; vga_controller:vga_1|counter_y_reg[10] ; vga_controller:vga_1|counter_y_reg[11] ; clock_1|altpll_component|auto_generated|pll1|clk[0] ; clock_1|altpll_component|auto_generated|pll1|clk[0] ; 0.000        ; 0.070      ; 1.136      ;
; 0.897 ; vga_controller:vga_1|counter_y_reg[4]  ; vga_controller:vga_1|counter_y_reg[5]  ; clock_1|altpll_component|auto_generated|pll1|clk[0] ; clock_1|altpll_component|auto_generated|pll1|clk[0] ; 0.000        ; 0.070      ; 1.138      ;
; 0.898 ; vga_controller:vga_1|counter_y_reg[0]  ; vga_controller:vga_1|counter_y_reg[2]  ; clock_1|altpll_component|auto_generated|pll1|clk[0] ; clock_1|altpll_component|auto_generated|pll1|clk[0] ; 0.000        ; 0.070      ; 1.139      ;
; 0.898 ; vga_controller:vga_1|counter_y_reg[2]  ; vga_controller:vga_1|counter_y_reg[4]  ; clock_1|altpll_component|auto_generated|pll1|clk[0] ; clock_1|altpll_component|auto_generated|pll1|clk[0] ; 0.000        ; 0.070      ; 1.139      ;
; 0.900 ; vga_controller:vga_1|counter_x_reg[4]  ; vga_controller:vga_1|counter_x_reg[5]  ; clock_1|altpll_component|auto_generated|pll1|clk[0] ; clock_1|altpll_component|auto_generated|pll1|clk[0] ; 0.000        ; 0.071      ; 1.142      ;
; 0.901 ; vga_controller:vga_1|counter_x_reg[5]  ; vga_controller:vga_1|counter_x_reg[6]  ; clock_1|altpll_component|auto_generated|pll1|clk[0] ; clock_1|altpll_component|auto_generated|pll1|clk[0] ; 0.000        ; 0.071      ; 1.143      ;
; 0.902 ; vga_controller:vga_1|counter_x_reg[1]  ; vga_controller:vga_1|counter_x_reg[2]  ; clock_1|altpll_component|auto_generated|pll1|clk[0] ; clock_1|altpll_component|auto_generated|pll1|clk[0] ; 0.000        ; 0.071      ; 1.144      ;
; 0.902 ; vga_controller:vga_1|counter_x_reg[3]  ; vga_controller:vga_1|counter_x_reg[4]  ; clock_1|altpll_component|auto_generated|pll1|clk[0] ; clock_1|altpll_component|auto_generated|pll1|clk[0] ; 0.000        ; 0.071      ; 1.144      ;
; 0.905 ; vga_controller:vga_1|counter_x_reg[9]  ; vga_controller:vga_1|counter_x_reg[11] ; clock_1|altpll_component|auto_generated|pll1|clk[0] ; clock_1|altpll_component|auto_generated|pll1|clk[0] ; 0.000        ; 0.071      ; 1.147      ;
; 0.905 ; vga_controller:vga_1|counter_x_reg[7]  ; vga_controller:vga_1|counter_x_reg[9]  ; clock_1|altpll_component|auto_generated|pll1|clk[0] ; clock_1|altpll_component|auto_generated|pll1|clk[0] ; 0.000        ; 0.071      ; 1.147      ;
; 0.908 ; vga_controller:vga_1|counter_y_reg[4]  ; vga_controller:vga_1|counter_y_reg[6]  ; clock_1|altpll_component|auto_generated|pll1|clk[0] ; clock_1|altpll_component|auto_generated|pll1|clk[0] ; 0.000        ; 0.070      ; 1.149      ;
; 0.912 ; vga_controller:vga_1|counter_x_reg[5]  ; vga_controller:vga_1|counter_x_reg[7]  ; clock_1|altpll_component|auto_generated|pll1|clk[0] ; clock_1|altpll_component|auto_generated|pll1|clk[0] ; 0.000        ; 0.071      ; 1.154      ;
; 0.913 ; vga_controller:vga_1|counter_x_reg[1]  ; vga_controller:vga_1|counter_x_reg[3]  ; clock_1|altpll_component|auto_generated|pll1|clk[0] ; clock_1|altpll_component|auto_generated|pll1|clk[0] ; 0.000        ; 0.071      ; 1.155      ;
; 0.913 ; vga_controller:vga_1|counter_x_reg[3]  ; vga_controller:vga_1|counter_x_reg[5]  ; clock_1|altpll_component|auto_generated|pll1|clk[0] ; clock_1|altpll_component|auto_generated|pll1|clk[0] ; 0.000        ; 0.071      ; 1.155      ;
; 0.939 ; vga_controller:vga_1|counter_y_reg[4]  ; vga_controller:vga_1|vsync_reg         ; clock_1|altpll_component|auto_generated|pll1|clk[0] ; clock_1|altpll_component|auto_generated|pll1|clk[0] ; 0.000        ; 0.084      ; 1.194      ;
; 0.973 ; vga_controller:vga_1|counter_y_reg[9]  ; vga_controller:vga_1|counter_y_reg[11] ; clock_1|altpll_component|auto_generated|pll1|clk[0] ; clock_1|altpll_component|auto_generated|pll1|clk[0] ; 0.000        ; 0.070      ; 1.214      ;
; 0.978 ; vga_controller:vga_1|counter_y_reg[7]  ; vga_controller:vga_1|counter_y_reg[9]  ; clock_1|altpll_component|auto_generated|pll1|clk[0] ; clock_1|altpll_component|auto_generated|pll1|clk[0] ; 0.000        ; 0.070      ; 1.219      ;
; 0.979 ; vga_controller:vga_1|counter_y_reg[5]  ; vga_controller:vga_1|counter_y_reg[7]  ; clock_1|altpll_component|auto_generated|pll1|clk[0] ; clock_1|altpll_component|auto_generated|pll1|clk[0] ; 0.000        ; 0.070      ; 1.220      ;
; 0.980 ; vga_controller:vga_1|counter_y_reg[1]  ; vga_controller:vga_1|counter_y_reg[3]  ; clock_1|altpll_component|auto_generated|pll1|clk[0] ; clock_1|altpll_component|auto_generated|pll1|clk[0] ; 0.000        ; 0.070      ; 1.221      ;
; 0.989 ; vga_controller:vga_1|counter_y_reg[7]  ; vga_controller:vga_1|counter_y_reg[10] ; clock_1|altpll_component|auto_generated|pll1|clk[0] ; clock_1|altpll_component|auto_generated|pll1|clk[0] ; 0.000        ; 0.070      ; 1.230      ;
; 0.990 ; vga_controller:vga_1|counter_y_reg[5]  ; vga_controller:vga_1|counter_y_reg[8]  ; clock_1|altpll_component|auto_generated|pll1|clk[0] ; clock_1|altpll_component|auto_generated|pll1|clk[0] ; 0.000        ; 0.070      ; 1.231      ;
; 0.990 ; vga_controller:vga_1|counter_x_reg[6]  ; vga_controller:vga_1|counter_x_reg[8]  ; clock_1|altpll_component|auto_generated|pll1|clk[0] ; clock_1|altpll_component|auto_generated|pll1|clk[0] ; 0.000        ; 0.071      ; 1.232      ;
; 0.991 ; vga_controller:vga_1|counter_y_reg[1]  ; vga_controller:vga_1|counter_y_reg[4]  ; clock_1|altpll_component|auto_generated|pll1|clk[0] ; clock_1|altpll_component|auto_generated|pll1|clk[0] ; 0.000        ; 0.070      ; 1.232      ;
; 0.992 ; vga_controller:vga_1|counter_y_reg[8]  ; vga_controller:vga_1|counter_y_reg[11] ; clock_1|altpll_component|auto_generated|pll1|clk[0] ; clock_1|altpll_component|auto_generated|pll1|clk[0] ; 0.000        ; 0.070      ; 1.233      ;
; 0.992 ; vga_controller:vga_1|counter_y_reg[6]  ; vga_controller:vga_1|counter_y_reg[9]  ; clock_1|altpll_component|auto_generated|pll1|clk[0] ; clock_1|altpll_component|auto_generated|pll1|clk[0] ; 0.000        ; 0.070      ; 1.233      ;
; 0.993 ; vga_controller:vga_1|counter_x_reg[8]  ; vga_controller:vga_1|counter_x_reg[10] ; clock_1|altpll_component|auto_generated|pll1|clk[0] ; clock_1|altpll_component|auto_generated|pll1|clk[0] ; 0.000        ; 0.071      ; 1.235      ;
; 0.993 ; vga_controller:vga_1|counter_y_reg[3]  ; vga_controller:vga_1|counter_y_reg[5]  ; clock_1|altpll_component|auto_generated|pll1|clk[0] ; clock_1|altpll_component|auto_generated|pll1|clk[0] ; 0.000        ; 0.070      ; 1.234      ;
; 0.993 ; vga_controller:vga_1|counter_x_reg[2]  ; vga_controller:vga_1|counter_x_reg[4]  ; clock_1|altpll_component|auto_generated|pll1|clk[0] ; clock_1|altpll_component|auto_generated|pll1|clk[0] ; 0.000        ; 0.071      ; 1.235      ;
; 0.997 ; vga_controller:vga_1|counter_y_reg[0]  ; vga_controller:vga_1|counter_y_reg[3]  ; clock_1|altpll_component|auto_generated|pll1|clk[0] ; clock_1|altpll_component|auto_generated|pll1|clk[0] ; 0.000        ; 0.070      ; 1.238      ;
; 0.997 ; vga_controller:vga_1|counter_y_reg[2]  ; vga_controller:vga_1|counter_y_reg[5]  ; clock_1|altpll_component|auto_generated|pll1|clk[0] ; clock_1|altpll_component|auto_generated|pll1|clk[0] ; 0.000        ; 0.070      ; 1.238      ;
; 0.999 ; vga_controller:vga_1|counter_x_reg[4]  ; vga_controller:vga_1|counter_x_reg[6]  ; clock_1|altpll_component|auto_generated|pll1|clk[0] ; clock_1|altpll_component|auto_generated|pll1|clk[0] ; 0.000        ; 0.071      ; 1.241      ;
; 1.001 ; vga_controller:vga_1|counter_x_reg[6]  ; vga_controller:vga_1|counter_x_reg[9]  ; clock_1|altpll_component|auto_generated|pll1|clk[0] ; clock_1|altpll_component|auto_generated|pll1|clk[0] ; 0.000        ; 0.071      ; 1.243      ;
; 1.003 ; vga_controller:vga_1|counter_y_reg[6]  ; vga_controller:vga_1|counter_y_reg[10] ; clock_1|altpll_component|auto_generated|pll1|clk[0] ; clock_1|altpll_component|auto_generated|pll1|clk[0] ; 0.000        ; 0.070      ; 1.244      ;
; 1.004 ; vga_controller:vga_1|counter_x_reg[8]  ; vga_controller:vga_1|counter_x_reg[11] ; clock_1|altpll_component|auto_generated|pll1|clk[0] ; clock_1|altpll_component|auto_generated|pll1|clk[0] ; 0.000        ; 0.071      ; 1.246      ;
; 1.004 ; vga_controller:vga_1|counter_y_reg[3]  ; vga_controller:vga_1|counter_y_reg[6]  ; clock_1|altpll_component|auto_generated|pll1|clk[0] ; clock_1|altpll_component|auto_generated|pll1|clk[0] ; 0.000        ; 0.070      ; 1.245      ;
; 1.004 ; vga_controller:vga_1|counter_x_reg[2]  ; vga_controller:vga_1|counter_x_reg[5]  ; clock_1|altpll_component|auto_generated|pll1|clk[0] ; clock_1|altpll_component|auto_generated|pll1|clk[0] ; 0.000        ; 0.071      ; 1.246      ;
; 1.004 ; vga_controller:vga_1|counter_x_reg[7]  ; vga_controller:vga_1|counter_x_reg[10] ; clock_1|altpll_component|auto_generated|pll1|clk[0] ; clock_1|altpll_component|auto_generated|pll1|clk[0] ; 0.000        ; 0.071      ; 1.246      ;
; 1.007 ; vga_controller:vga_1|counter_y_reg[4]  ; vga_controller:vga_1|counter_y_reg[7]  ; clock_1|altpll_component|auto_generated|pll1|clk[0] ; clock_1|altpll_component|auto_generated|pll1|clk[0] ; 0.000        ; 0.070      ; 1.248      ;
; 1.008 ; vga_controller:vga_1|counter_y_reg[0]  ; vga_controller:vga_1|counter_y_reg[4]  ; clock_1|altpll_component|auto_generated|pll1|clk[0] ; clock_1|altpll_component|auto_generated|pll1|clk[0] ; 0.000        ; 0.070      ; 1.249      ;
; 1.008 ; vga_controller:vga_1|counter_y_reg[2]  ; vga_controller:vga_1|counter_y_reg[6]  ; clock_1|altpll_component|auto_generated|pll1|clk[0] ; clock_1|altpll_component|auto_generated|pll1|clk[0] ; 0.000        ; 0.070      ; 1.249      ;
; 1.010 ; vga_controller:vga_1|counter_x_reg[4]  ; vga_controller:vga_1|counter_x_reg[7]  ; clock_1|altpll_component|auto_generated|pll1|clk[0] ; clock_1|altpll_component|auto_generated|pll1|clk[0] ; 0.000        ; 0.071      ; 1.252      ;
; 1.011 ; vga_controller:vga_1|counter_x_reg[5]  ; vga_controller:vga_1|counter_x_reg[8]  ; clock_1|altpll_component|auto_generated|pll1|clk[0] ; clock_1|altpll_component|auto_generated|pll1|clk[0] ; 0.000        ; 0.071      ; 1.253      ;
; 1.012 ; vga_controller:vga_1|counter_x_reg[1]  ; vga_controller:vga_1|counter_x_reg[4]  ; clock_1|altpll_component|auto_generated|pll1|clk[0] ; clock_1|altpll_component|auto_generated|pll1|clk[0] ; 0.000        ; 0.071      ; 1.254      ;
; 1.012 ; vga_controller:vga_1|counter_x_reg[3]  ; vga_controller:vga_1|counter_x_reg[6]  ; clock_1|altpll_component|auto_generated|pll1|clk[0] ; clock_1|altpll_component|auto_generated|pll1|clk[0] ; 0.000        ; 0.071      ; 1.254      ;
; 1.015 ; vga_controller:vga_1|counter_x_reg[7]  ; vga_controller:vga_1|counter_x_reg[11] ; clock_1|altpll_component|auto_generated|pll1|clk[0] ; clock_1|altpll_component|auto_generated|pll1|clk[0] ; 0.000        ; 0.071      ; 1.257      ;
; 1.018 ; vga_controller:vga_1|counter_y_reg[4]  ; vga_controller:vga_1|counter_y_reg[8]  ; clock_1|altpll_component|auto_generated|pll1|clk[0] ; clock_1|altpll_component|auto_generated|pll1|clk[0] ; 0.000        ; 0.070      ; 1.259      ;
; 1.022 ; vga_controller:vga_1|counter_x_reg[5]  ; vga_controller:vga_1|counter_x_reg[9]  ; clock_1|altpll_component|auto_generated|pll1|clk[0] ; clock_1|altpll_component|auto_generated|pll1|clk[0] ; 0.000        ; 0.071      ; 1.264      ;
; 1.023 ; vga_controller:vga_1|counter_x_reg[1]  ; vga_controller:vga_1|counter_x_reg[5]  ; clock_1|altpll_component|auto_generated|pll1|clk[0] ; clock_1|altpll_component|auto_generated|pll1|clk[0] ; 0.000        ; 0.071      ; 1.265      ;
; 1.023 ; vga_controller:vga_1|counter_x_reg[3]  ; vga_controller:vga_1|counter_x_reg[7]  ; clock_1|altpll_component|auto_generated|pll1|clk[0] ; clock_1|altpll_component|auto_generated|pll1|clk[0] ; 0.000        ; 0.071      ; 1.265      ;
; 1.025 ; vga_controller:vga_1|counter_y_reg[3]  ; vga_controller:vga_1|vsync_reg         ; clock_1|altpll_component|auto_generated|pll1|clk[0] ; clock_1|altpll_component|auto_generated|pll1|clk[0] ; 0.000        ; 0.084      ; 1.280      ;
; 1.088 ; vga_controller:vga_1|counter_y_reg[7]  ; vga_controller:vga_1|counter_y_reg[11] ; clock_1|altpll_component|auto_generated|pll1|clk[0] ; clock_1|altpll_component|auto_generated|pll1|clk[0] ; 0.000        ; 0.070      ; 1.329      ;
; 1.089 ; vga_controller:vga_1|counter_y_reg[5]  ; vga_controller:vga_1|counter_y_reg[9]  ; clock_1|altpll_component|auto_generated|pll1|clk[0] ; clock_1|altpll_component|auto_generated|pll1|clk[0] ; 0.000        ; 0.070      ; 1.330      ;
; 1.090 ; vga_controller:vga_1|counter_y_reg[1]  ; vga_controller:vga_1|counter_y_reg[5]  ; clock_1|altpll_component|auto_generated|pll1|clk[0] ; clock_1|altpll_component|auto_generated|pll1|clk[0] ; 0.000        ; 0.070      ; 1.331      ;
; 1.100 ; vga_controller:vga_1|counter_y_reg[5]  ; vga_controller:vga_1|counter_y_reg[10] ; clock_1|altpll_component|auto_generated|pll1|clk[0] ; clock_1|altpll_component|auto_generated|pll1|clk[0] ; 0.000        ; 0.070      ; 1.341      ;
; 1.100 ; vga_controller:vga_1|counter_x_reg[6]  ; vga_controller:vga_1|counter_x_reg[10] ; clock_1|altpll_component|auto_generated|pll1|clk[0] ; clock_1|altpll_component|auto_generated|pll1|clk[0] ; 0.000        ; 0.071      ; 1.342      ;
; 1.101 ; vga_controller:vga_1|counter_y_reg[1]  ; vga_controller:vga_1|counter_y_reg[6]  ; clock_1|altpll_component|auto_generated|pll1|clk[0] ; clock_1|altpll_component|auto_generated|pll1|clk[0] ; 0.000        ; 0.070      ; 1.342      ;
; 1.102 ; vga_controller:vga_1|counter_y_reg[6]  ; vga_controller:vga_1|counter_y_reg[11] ; clock_1|altpll_component|auto_generated|pll1|clk[0] ; clock_1|altpll_component|auto_generated|pll1|clk[0] ; 0.000        ; 0.070      ; 1.343      ;
; 1.103 ; vga_controller:vga_1|counter_y_reg[3]  ; vga_controller:vga_1|counter_y_reg[7]  ; clock_1|altpll_component|auto_generated|pll1|clk[0] ; clock_1|altpll_component|auto_generated|pll1|clk[0] ; 0.000        ; 0.070      ; 1.344      ;
; 1.103 ; vga_controller:vga_1|counter_x_reg[2]  ; vga_controller:vga_1|counter_x_reg[6]  ; clock_1|altpll_component|auto_generated|pll1|clk[0] ; clock_1|altpll_component|auto_generated|pll1|clk[0] ; 0.000        ; 0.071      ; 1.345      ;
+-------+----------------------------------------+----------------------------------------+-----------------------------------------------------+-----------------------------------------------------+--------------+------------+------------+


----------------------------------------------
; Slow 1200mV 0C Model Metastability Summary ;
----------------------------------------------
No synchronizer chains to report.


+-----------------------------------------------------------------------------+
; Fast 1200mV 0C Model Setup Summary                                          ;
+-----------------------------------------------------+-------+---------------+
; Clock                                               ; Slack ; End Point TNS ;
+-----------------------------------------------------+-------+---------------+
; clock_1|altpll_component|auto_generated|pll1|clk[0] ; 4.036 ; 0.000         ;
+-----------------------------------------------------+-------+---------------+


+-----------------------------------------------------------------------------+
; Fast 1200mV 0C Model Hold Summary                                           ;
+-----------------------------------------------------+-------+---------------+
; Clock                                               ; Slack ; End Point TNS ;
+-----------------------------------------------------+-------+---------------+
; clock_1|altpll_component|auto_generated|pll1|clk[0] ; 0.182 ; 0.000         ;
+-----------------------------------------------------+-------+---------------+


-----------------------------------------
; Fast 1200mV 0C Model Recovery Summary ;
-----------------------------------------
No paths to report.


----------------------------------------
; Fast 1200mV 0C Model Removal Summary ;
----------------------------------------
No paths to report.


+-----------------------------------------------------------------------------+
; Fast 1200mV 0C Model Minimum Pulse Width Summary                            ;
+-----------------------------------------------------+-------+---------------+
; Clock                                               ; Slack ; End Point TNS ;
+-----------------------------------------------------+-------+---------------+
; clock_1|altpll_component|auto_generated|pll1|clk[0] ; 5.834 ; 0.000         ;
; clk                                                 ; 9.400 ; 0.000         ;
+-----------------------------------------------------+-------+---------------+


+-------------------------------------------------------------------------------------------------------------------------------------------------------------------------------------------------------------------+
; Fast 1200mV 0C Model Setup: 'clock_1|altpll_component|auto_generated|pll1|clk[0]'                                                                                                                                 ;
+-------+---------------------------------------+--------------+-----------------------------------------------------+-----------------------------------------------------+--------------+------------+------------+
; Slack ; From Node                             ; To Node      ; Launch Clock                                        ; Latch Clock                                         ; Relationship ; Clock Skew ; Data Delay ;
+-------+---------------------------------------+--------------+-----------------------------------------------------+-----------------------------------------------------+--------------+------------+------------+
; 4.036 ; vga_controller:vga_1|counter_x_reg[3] ; vga_r_reg[0] ; clock_1|altpll_component|auto_generated|pll1|clk[0] ; clock_1|altpll_component|auto_generated|pll1|clk[0] ; 6.060        ; -0.018     ; 1.993      ;
; 4.036 ; vga_controller:vga_1|counter_x_reg[3] ; vga_r_reg[3] ; clock_1|altpll_component|auto_generated|pll1|clk[0] ; clock_1|altpll_component|auto_generated|pll1|clk[0] ; 6.060        ; -0.018     ; 1.993      ;
; 4.036 ; vga_controller:vga_1|counter_x_reg[3] ; vga_r_reg[5] ; clock_1|altpll_component|auto_generated|pll1|clk[0] ; clock_1|altpll_component|auto_generated|pll1|clk[0] ; 6.060        ; -0.018     ; 1.993      ;
; 4.036 ; vga_controller:vga_1|counter_x_reg[3] ; vga_g_reg[0] ; clock_1|altpll_component|auto_generated|pll1|clk[0] ; clock_1|altpll_component|auto_generated|pll1|clk[0] ; 6.060        ; -0.018     ; 1.993      ;
; 4.036 ; vga_controller:vga_1|counter_x_reg[3] ; vga_g_reg[2] ; clock_1|altpll_component|auto_generated|pll1|clk[0] ; clock_1|altpll_component|auto_generated|pll1|clk[0] ; 6.060        ; -0.018     ; 1.993      ;
; 4.036 ; vga_controller:vga_1|counter_x_reg[3] ; vga_g_reg[5] ; clock_1|altpll_component|auto_generated|pll1|clk[0] ; clock_1|altpll_component|auto_generated|pll1|clk[0] ; 6.060        ; -0.018     ; 1.993      ;
; 4.036 ; vga_controller:vga_1|counter_x_reg[3] ; vga_g_reg[6] ; clock_1|altpll_component|auto_generated|pll1|clk[0] ; clock_1|altpll_component|auto_generated|pll1|clk[0] ; 6.060        ; -0.018     ; 1.993      ;
; 4.036 ; vga_controller:vga_1|counter_x_reg[3] ; vga_g_reg[7] ; clock_1|altpll_component|auto_generated|pll1|clk[0] ; clock_1|altpll_component|auto_generated|pll1|clk[0] ; 6.060        ; -0.018     ; 1.993      ;
; 4.036 ; vga_controller:vga_1|counter_x_reg[3] ; vga_b_reg[0] ; clock_1|altpll_component|auto_generated|pll1|clk[0] ; clock_1|altpll_component|auto_generated|pll1|clk[0] ; 6.060        ; -0.018     ; 1.993      ;
; 4.036 ; vga_controller:vga_1|counter_x_reg[3] ; vga_b_reg[1] ; clock_1|altpll_component|auto_generated|pll1|clk[0] ; clock_1|altpll_component|auto_generated|pll1|clk[0] ; 6.060        ; -0.018     ; 1.993      ;
; 4.036 ; vga_controller:vga_1|counter_x_reg[3] ; vga_b_reg[2] ; clock_1|altpll_component|auto_generated|pll1|clk[0] ; clock_1|altpll_component|auto_generated|pll1|clk[0] ; 6.060        ; -0.018     ; 1.993      ;
; 4.036 ; vga_controller:vga_1|counter_x_reg[3] ; vga_b_reg[3] ; clock_1|altpll_component|auto_generated|pll1|clk[0] ; clock_1|altpll_component|auto_generated|pll1|clk[0] ; 6.060        ; -0.018     ; 1.993      ;
; 4.036 ; vga_controller:vga_1|counter_x_reg[3] ; vga_b_reg[4] ; clock_1|altpll_component|auto_generated|pll1|clk[0] ; clock_1|altpll_component|auto_generated|pll1|clk[0] ; 6.060        ; -0.018     ; 1.993      ;
; 4.036 ; vga_controller:vga_1|counter_x_reg[3] ; vga_b_reg[5] ; clock_1|altpll_component|auto_generated|pll1|clk[0] ; clock_1|altpll_component|auto_generated|pll1|clk[0] ; 6.060        ; -0.018     ; 1.993      ;
; 4.036 ; vga_controller:vga_1|counter_x_reg[3] ; vga_b_reg[6] ; clock_1|altpll_component|auto_generated|pll1|clk[0] ; clock_1|altpll_component|auto_generated|pll1|clk[0] ; 6.060        ; -0.018     ; 1.993      ;
; 4.036 ; vga_controller:vga_1|counter_x_reg[3] ; vga_b_reg[7] ; clock_1|altpll_component|auto_generated|pll1|clk[0] ; clock_1|altpll_component|auto_generated|pll1|clk[0] ; 6.060        ; -0.018     ; 1.993      ;
; 4.048 ; vga_controller:vga_1|counter_y_reg[9] ; vga_r_reg[0] ; clock_1|altpll_component|auto_generated|pll1|clk[0] ; clock_1|altpll_component|auto_generated|pll1|clk[0] ; 6.060        ; -0.001     ; 1.998      ;
; 4.048 ; vga_controller:vga_1|counter_y_reg[9] ; vga_r_reg[3] ; clock_1|altpll_component|auto_generated|pll1|clk[0] ; clock_1|altpll_component|auto_generated|pll1|clk[0] ; 6.060        ; -0.001     ; 1.998      ;
; 4.048 ; vga_controller:vga_1|counter_y_reg[9] ; vga_r_reg[5] ; clock_1|altpll_component|auto_generated|pll1|clk[0] ; clock_1|altpll_component|auto_generated|pll1|clk[0] ; 6.060        ; -0.001     ; 1.998      ;
; 4.048 ; vga_controller:vga_1|counter_y_reg[9] ; vga_g_reg[0] ; clock_1|altpll_component|auto_generated|pll1|clk[0] ; clock_1|altpll_component|auto_generated|pll1|clk[0] ; 6.060        ; -0.001     ; 1.998      ;
; 4.048 ; vga_controller:vga_1|counter_y_reg[9] ; vga_g_reg[2] ; clock_1|altpll_component|auto_generated|pll1|clk[0] ; clock_1|altpll_component|auto_generated|pll1|clk[0] ; 6.060        ; -0.001     ; 1.998      ;
; 4.048 ; vga_controller:vga_1|counter_y_reg[9] ; vga_g_reg[5] ; clock_1|altpll_component|auto_generated|pll1|clk[0] ; clock_1|altpll_component|auto_generated|pll1|clk[0] ; 6.060        ; -0.001     ; 1.998      ;
; 4.048 ; vga_controller:vga_1|counter_y_reg[9] ; vga_g_reg[6] ; clock_1|altpll_component|auto_generated|pll1|clk[0] ; clock_1|altpll_component|auto_generated|pll1|clk[0] ; 6.060        ; -0.001     ; 1.998      ;
; 4.048 ; vga_controller:vga_1|counter_y_reg[9] ; vga_g_reg[7] ; clock_1|altpll_component|auto_generated|pll1|clk[0] ; clock_1|altpll_component|auto_generated|pll1|clk[0] ; 6.060        ; -0.001     ; 1.998      ;
; 4.048 ; vga_controller:vga_1|counter_y_reg[9] ; vga_b_reg[0] ; clock_1|altpll_component|auto_generated|pll1|clk[0] ; clock_1|altpll_component|auto_generated|pll1|clk[0] ; 6.060        ; -0.001     ; 1.998      ;
; 4.048 ; vga_controller:vga_1|counter_y_reg[9] ; vga_b_reg[1] ; clock_1|altpll_component|auto_generated|pll1|clk[0] ; clock_1|altpll_component|auto_generated|pll1|clk[0] ; 6.060        ; -0.001     ; 1.998      ;
; 4.048 ; vga_controller:vga_1|counter_y_reg[9] ; vga_b_reg[2] ; clock_1|altpll_component|auto_generated|pll1|clk[0] ; clock_1|altpll_component|auto_generated|pll1|clk[0] ; 6.060        ; -0.001     ; 1.998      ;
; 4.048 ; vga_controller:vga_1|counter_y_reg[9] ; vga_b_reg[3] ; clock_1|altpll_component|auto_generated|pll1|clk[0] ; clock_1|altpll_component|auto_generated|pll1|clk[0] ; 6.060        ; -0.001     ; 1.998      ;
; 4.048 ; vga_controller:vga_1|counter_y_reg[9] ; vga_b_reg[4] ; clock_1|altpll_component|auto_generated|pll1|clk[0] ; clock_1|altpll_component|auto_generated|pll1|clk[0] ; 6.060        ; -0.001     ; 1.998      ;
; 4.048 ; vga_controller:vga_1|counter_y_reg[9] ; vga_b_reg[5] ; clock_1|altpll_component|auto_generated|pll1|clk[0] ; clock_1|altpll_component|auto_generated|pll1|clk[0] ; 6.060        ; -0.001     ; 1.998      ;
; 4.048 ; vga_controller:vga_1|counter_y_reg[9] ; vga_b_reg[6] ; clock_1|altpll_component|auto_generated|pll1|clk[0] ; clock_1|altpll_component|auto_generated|pll1|clk[0] ; 6.060        ; -0.001     ; 1.998      ;
; 4.048 ; vga_controller:vga_1|counter_y_reg[9] ; vga_b_reg[7] ; clock_1|altpll_component|auto_generated|pll1|clk[0] ; clock_1|altpll_component|auto_generated|pll1|clk[0] ; 6.060        ; -0.001     ; 1.998      ;
; 4.061 ; vga_controller:vga_1|counter_x_reg[6] ; vga_r_reg[0] ; clock_1|altpll_component|auto_generated|pll1|clk[0] ; clock_1|altpll_component|auto_generated|pll1|clk[0] ; 6.060        ; -0.018     ; 1.968      ;
; 4.061 ; vga_controller:vga_1|counter_x_reg[6] ; vga_r_reg[3] ; clock_1|altpll_component|auto_generated|pll1|clk[0] ; clock_1|altpll_component|auto_generated|pll1|clk[0] ; 6.060        ; -0.018     ; 1.968      ;
; 4.061 ; vga_controller:vga_1|counter_x_reg[6] ; vga_r_reg[5] ; clock_1|altpll_component|auto_generated|pll1|clk[0] ; clock_1|altpll_component|auto_generated|pll1|clk[0] ; 6.060        ; -0.018     ; 1.968      ;
; 4.061 ; vga_controller:vga_1|counter_x_reg[6] ; vga_g_reg[0] ; clock_1|altpll_component|auto_generated|pll1|clk[0] ; clock_1|altpll_component|auto_generated|pll1|clk[0] ; 6.060        ; -0.018     ; 1.968      ;
; 4.061 ; vga_controller:vga_1|counter_x_reg[6] ; vga_g_reg[2] ; clock_1|altpll_component|auto_generated|pll1|clk[0] ; clock_1|altpll_component|auto_generated|pll1|clk[0] ; 6.060        ; -0.018     ; 1.968      ;
; 4.061 ; vga_controller:vga_1|counter_x_reg[6] ; vga_g_reg[5] ; clock_1|altpll_component|auto_generated|pll1|clk[0] ; clock_1|altpll_component|auto_generated|pll1|clk[0] ; 6.060        ; -0.018     ; 1.968      ;
; 4.061 ; vga_controller:vga_1|counter_x_reg[6] ; vga_g_reg[6] ; clock_1|altpll_component|auto_generated|pll1|clk[0] ; clock_1|altpll_component|auto_generated|pll1|clk[0] ; 6.060        ; -0.018     ; 1.968      ;
; 4.061 ; vga_controller:vga_1|counter_x_reg[6] ; vga_g_reg[7] ; clock_1|altpll_component|auto_generated|pll1|clk[0] ; clock_1|altpll_component|auto_generated|pll1|clk[0] ; 6.060        ; -0.018     ; 1.968      ;
; 4.061 ; vga_controller:vga_1|counter_x_reg[6] ; vga_b_reg[0] ; clock_1|altpll_component|auto_generated|pll1|clk[0] ; clock_1|altpll_component|auto_generated|pll1|clk[0] ; 6.060        ; -0.018     ; 1.968      ;
; 4.061 ; vga_controller:vga_1|counter_x_reg[6] ; vga_b_reg[1] ; clock_1|altpll_component|auto_generated|pll1|clk[0] ; clock_1|altpll_component|auto_generated|pll1|clk[0] ; 6.060        ; -0.018     ; 1.968      ;
; 4.061 ; vga_controller:vga_1|counter_x_reg[6] ; vga_b_reg[2] ; clock_1|altpll_component|auto_generated|pll1|clk[0] ; clock_1|altpll_component|auto_generated|pll1|clk[0] ; 6.060        ; -0.018     ; 1.968      ;
; 4.061 ; vga_controller:vga_1|counter_x_reg[6] ; vga_b_reg[3] ; clock_1|altpll_component|auto_generated|pll1|clk[0] ; clock_1|altpll_component|auto_generated|pll1|clk[0] ; 6.060        ; -0.018     ; 1.968      ;
; 4.061 ; vga_controller:vga_1|counter_x_reg[6] ; vga_b_reg[4] ; clock_1|altpll_component|auto_generated|pll1|clk[0] ; clock_1|altpll_component|auto_generated|pll1|clk[0] ; 6.060        ; -0.018     ; 1.968      ;
; 4.061 ; vga_controller:vga_1|counter_x_reg[6] ; vga_b_reg[5] ; clock_1|altpll_component|auto_generated|pll1|clk[0] ; clock_1|altpll_component|auto_generated|pll1|clk[0] ; 6.060        ; -0.018     ; 1.968      ;
; 4.061 ; vga_controller:vga_1|counter_x_reg[6] ; vga_b_reg[6] ; clock_1|altpll_component|auto_generated|pll1|clk[0] ; clock_1|altpll_component|auto_generated|pll1|clk[0] ; 6.060        ; -0.018     ; 1.968      ;
; 4.061 ; vga_controller:vga_1|counter_x_reg[6] ; vga_b_reg[7] ; clock_1|altpll_component|auto_generated|pll1|clk[0] ; clock_1|altpll_component|auto_generated|pll1|clk[0] ; 6.060        ; -0.018     ; 1.968      ;
; 4.074 ; vga_controller:vga_1|counter_x_reg[1] ; vga_r_reg[0] ; clock_1|altpll_component|auto_generated|pll1|clk[0] ; clock_1|altpll_component|auto_generated|pll1|clk[0] ; 6.060        ; -0.018     ; 1.955      ;
; 4.074 ; vga_controller:vga_1|counter_x_reg[1] ; vga_r_reg[3] ; clock_1|altpll_component|auto_generated|pll1|clk[0] ; clock_1|altpll_component|auto_generated|pll1|clk[0] ; 6.060        ; -0.018     ; 1.955      ;
; 4.074 ; vga_controller:vga_1|counter_x_reg[1] ; vga_r_reg[5] ; clock_1|altpll_component|auto_generated|pll1|clk[0] ; clock_1|altpll_component|auto_generated|pll1|clk[0] ; 6.060        ; -0.018     ; 1.955      ;
; 4.074 ; vga_controller:vga_1|counter_x_reg[1] ; vga_g_reg[0] ; clock_1|altpll_component|auto_generated|pll1|clk[0] ; clock_1|altpll_component|auto_generated|pll1|clk[0] ; 6.060        ; -0.018     ; 1.955      ;
; 4.074 ; vga_controller:vga_1|counter_x_reg[1] ; vga_g_reg[2] ; clock_1|altpll_component|auto_generated|pll1|clk[0] ; clock_1|altpll_component|auto_generated|pll1|clk[0] ; 6.060        ; -0.018     ; 1.955      ;
; 4.074 ; vga_controller:vga_1|counter_x_reg[1] ; vga_g_reg[5] ; clock_1|altpll_component|auto_generated|pll1|clk[0] ; clock_1|altpll_component|auto_generated|pll1|clk[0] ; 6.060        ; -0.018     ; 1.955      ;
; 4.074 ; vga_controller:vga_1|counter_x_reg[1] ; vga_g_reg[6] ; clock_1|altpll_component|auto_generated|pll1|clk[0] ; clock_1|altpll_component|auto_generated|pll1|clk[0] ; 6.060        ; -0.018     ; 1.955      ;
; 4.074 ; vga_controller:vga_1|counter_x_reg[1] ; vga_g_reg[7] ; clock_1|altpll_component|auto_generated|pll1|clk[0] ; clock_1|altpll_component|auto_generated|pll1|clk[0] ; 6.060        ; -0.018     ; 1.955      ;
; 4.074 ; vga_controller:vga_1|counter_x_reg[1] ; vga_b_reg[0] ; clock_1|altpll_component|auto_generated|pll1|clk[0] ; clock_1|altpll_component|auto_generated|pll1|clk[0] ; 6.060        ; -0.018     ; 1.955      ;
; 4.074 ; vga_controller:vga_1|counter_x_reg[1] ; vga_b_reg[1] ; clock_1|altpll_component|auto_generated|pll1|clk[0] ; clock_1|altpll_component|auto_generated|pll1|clk[0] ; 6.060        ; -0.018     ; 1.955      ;
; 4.074 ; vga_controller:vga_1|counter_x_reg[1] ; vga_b_reg[2] ; clock_1|altpll_component|auto_generated|pll1|clk[0] ; clock_1|altpll_component|auto_generated|pll1|clk[0] ; 6.060        ; -0.018     ; 1.955      ;
; 4.074 ; vga_controller:vga_1|counter_x_reg[1] ; vga_b_reg[3] ; clock_1|altpll_component|auto_generated|pll1|clk[0] ; clock_1|altpll_component|auto_generated|pll1|clk[0] ; 6.060        ; -0.018     ; 1.955      ;
; 4.074 ; vga_controller:vga_1|counter_x_reg[1] ; vga_b_reg[4] ; clock_1|altpll_component|auto_generated|pll1|clk[0] ; clock_1|altpll_component|auto_generated|pll1|clk[0] ; 6.060        ; -0.018     ; 1.955      ;
; 4.074 ; vga_controller:vga_1|counter_x_reg[1] ; vga_b_reg[5] ; clock_1|altpll_component|auto_generated|pll1|clk[0] ; clock_1|altpll_component|auto_generated|pll1|clk[0] ; 6.060        ; -0.018     ; 1.955      ;
; 4.074 ; vga_controller:vga_1|counter_x_reg[1] ; vga_b_reg[6] ; clock_1|altpll_component|auto_generated|pll1|clk[0] ; clock_1|altpll_component|auto_generated|pll1|clk[0] ; 6.060        ; -0.018     ; 1.955      ;
; 4.074 ; vga_controller:vga_1|counter_x_reg[1] ; vga_b_reg[7] ; clock_1|altpll_component|auto_generated|pll1|clk[0] ; clock_1|altpll_component|auto_generated|pll1|clk[0] ; 6.060        ; -0.018     ; 1.955      ;
; 4.110 ; vga_controller:vga_1|counter_y_reg[8] ; vga_r_reg[0] ; clock_1|altpll_component|auto_generated|pll1|clk[0] ; clock_1|altpll_component|auto_generated|pll1|clk[0] ; 6.060        ; -0.001     ; 1.936      ;
; 4.110 ; vga_controller:vga_1|counter_y_reg[8] ; vga_r_reg[3] ; clock_1|altpll_component|auto_generated|pll1|clk[0] ; clock_1|altpll_component|auto_generated|pll1|clk[0] ; 6.060        ; -0.001     ; 1.936      ;
; 4.110 ; vga_controller:vga_1|counter_y_reg[8] ; vga_r_reg[5] ; clock_1|altpll_component|auto_generated|pll1|clk[0] ; clock_1|altpll_component|auto_generated|pll1|clk[0] ; 6.060        ; -0.001     ; 1.936      ;
; 4.110 ; vga_controller:vga_1|counter_y_reg[8] ; vga_g_reg[0] ; clock_1|altpll_component|auto_generated|pll1|clk[0] ; clock_1|altpll_component|auto_generated|pll1|clk[0] ; 6.060        ; -0.001     ; 1.936      ;
; 4.110 ; vga_controller:vga_1|counter_y_reg[8] ; vga_g_reg[2] ; clock_1|altpll_component|auto_generated|pll1|clk[0] ; clock_1|altpll_component|auto_generated|pll1|clk[0] ; 6.060        ; -0.001     ; 1.936      ;
; 4.110 ; vga_controller:vga_1|counter_y_reg[8] ; vga_g_reg[5] ; clock_1|altpll_component|auto_generated|pll1|clk[0] ; clock_1|altpll_component|auto_generated|pll1|clk[0] ; 6.060        ; -0.001     ; 1.936      ;
; 4.110 ; vga_controller:vga_1|counter_y_reg[8] ; vga_g_reg[6] ; clock_1|altpll_component|auto_generated|pll1|clk[0] ; clock_1|altpll_component|auto_generated|pll1|clk[0] ; 6.060        ; -0.001     ; 1.936      ;
; 4.110 ; vga_controller:vga_1|counter_y_reg[8] ; vga_g_reg[7] ; clock_1|altpll_component|auto_generated|pll1|clk[0] ; clock_1|altpll_component|auto_generated|pll1|clk[0] ; 6.060        ; -0.001     ; 1.936      ;
; 4.110 ; vga_controller:vga_1|counter_y_reg[8] ; vga_b_reg[0] ; clock_1|altpll_component|auto_generated|pll1|clk[0] ; clock_1|altpll_component|auto_generated|pll1|clk[0] ; 6.060        ; -0.001     ; 1.936      ;
; 4.110 ; vga_controller:vga_1|counter_y_reg[8] ; vga_b_reg[1] ; clock_1|altpll_component|auto_generated|pll1|clk[0] ; clock_1|altpll_component|auto_generated|pll1|clk[0] ; 6.060        ; -0.001     ; 1.936      ;
; 4.110 ; vga_controller:vga_1|counter_y_reg[8] ; vga_b_reg[2] ; clock_1|altpll_component|auto_generated|pll1|clk[0] ; clock_1|altpll_component|auto_generated|pll1|clk[0] ; 6.060        ; -0.001     ; 1.936      ;
; 4.110 ; vga_controller:vga_1|counter_y_reg[8] ; vga_b_reg[3] ; clock_1|altpll_component|auto_generated|pll1|clk[0] ; clock_1|altpll_component|auto_generated|pll1|clk[0] ; 6.060        ; -0.001     ; 1.936      ;
; 4.110 ; vga_controller:vga_1|counter_y_reg[8] ; vga_b_reg[4] ; clock_1|altpll_component|auto_generated|pll1|clk[0] ; clock_1|altpll_component|auto_generated|pll1|clk[0] ; 6.060        ; -0.001     ; 1.936      ;
; 4.110 ; vga_controller:vga_1|counter_y_reg[8] ; vga_b_reg[5] ; clock_1|altpll_component|auto_generated|pll1|clk[0] ; clock_1|altpll_component|auto_generated|pll1|clk[0] ; 6.060        ; -0.001     ; 1.936      ;
; 4.110 ; vga_controller:vga_1|counter_y_reg[8] ; vga_b_reg[6] ; clock_1|altpll_component|auto_generated|pll1|clk[0] ; clock_1|altpll_component|auto_generated|pll1|clk[0] ; 6.060        ; -0.001     ; 1.936      ;
; 4.110 ; vga_controller:vga_1|counter_y_reg[8] ; vga_b_reg[7] ; clock_1|altpll_component|auto_generated|pll1|clk[0] ; clock_1|altpll_component|auto_generated|pll1|clk[0] ; 6.060        ; -0.001     ; 1.936      ;
; 4.132 ; vga_controller:vga_1|counter_x_reg[4] ; vga_r_reg[0] ; clock_1|altpll_component|auto_generated|pll1|clk[0] ; clock_1|altpll_component|auto_generated|pll1|clk[0] ; 6.060        ; -0.018     ; 1.897      ;
; 4.132 ; vga_controller:vga_1|counter_x_reg[4] ; vga_r_reg[3] ; clock_1|altpll_component|auto_generated|pll1|clk[0] ; clock_1|altpll_component|auto_generated|pll1|clk[0] ; 6.060        ; -0.018     ; 1.897      ;
; 4.132 ; vga_controller:vga_1|counter_x_reg[4] ; vga_r_reg[5] ; clock_1|altpll_component|auto_generated|pll1|clk[0] ; clock_1|altpll_component|auto_generated|pll1|clk[0] ; 6.060        ; -0.018     ; 1.897      ;
; 4.132 ; vga_controller:vga_1|counter_x_reg[4] ; vga_g_reg[0] ; clock_1|altpll_component|auto_generated|pll1|clk[0] ; clock_1|altpll_component|auto_generated|pll1|clk[0] ; 6.060        ; -0.018     ; 1.897      ;
; 4.132 ; vga_controller:vga_1|counter_x_reg[4] ; vga_g_reg[2] ; clock_1|altpll_component|auto_generated|pll1|clk[0] ; clock_1|altpll_component|auto_generated|pll1|clk[0] ; 6.060        ; -0.018     ; 1.897      ;
; 4.132 ; vga_controller:vga_1|counter_x_reg[4] ; vga_g_reg[5] ; clock_1|altpll_component|auto_generated|pll1|clk[0] ; clock_1|altpll_component|auto_generated|pll1|clk[0] ; 6.060        ; -0.018     ; 1.897      ;
; 4.132 ; vga_controller:vga_1|counter_x_reg[4] ; vga_g_reg[6] ; clock_1|altpll_component|auto_generated|pll1|clk[0] ; clock_1|altpll_component|auto_generated|pll1|clk[0] ; 6.060        ; -0.018     ; 1.897      ;
; 4.132 ; vga_controller:vga_1|counter_x_reg[4] ; vga_g_reg[7] ; clock_1|altpll_component|auto_generated|pll1|clk[0] ; clock_1|altpll_component|auto_generated|pll1|clk[0] ; 6.060        ; -0.018     ; 1.897      ;
; 4.132 ; vga_controller:vga_1|counter_x_reg[4] ; vga_b_reg[0] ; clock_1|altpll_component|auto_generated|pll1|clk[0] ; clock_1|altpll_component|auto_generated|pll1|clk[0] ; 6.060        ; -0.018     ; 1.897      ;
; 4.132 ; vga_controller:vga_1|counter_x_reg[4] ; vga_b_reg[1] ; clock_1|altpll_component|auto_generated|pll1|clk[0] ; clock_1|altpll_component|auto_generated|pll1|clk[0] ; 6.060        ; -0.018     ; 1.897      ;
; 4.132 ; vga_controller:vga_1|counter_x_reg[4] ; vga_b_reg[2] ; clock_1|altpll_component|auto_generated|pll1|clk[0] ; clock_1|altpll_component|auto_generated|pll1|clk[0] ; 6.060        ; -0.018     ; 1.897      ;
; 4.132 ; vga_controller:vga_1|counter_x_reg[4] ; vga_b_reg[3] ; clock_1|altpll_component|auto_generated|pll1|clk[0] ; clock_1|altpll_component|auto_generated|pll1|clk[0] ; 6.060        ; -0.018     ; 1.897      ;
; 4.132 ; vga_controller:vga_1|counter_x_reg[4] ; vga_b_reg[4] ; clock_1|altpll_component|auto_generated|pll1|clk[0] ; clock_1|altpll_component|auto_generated|pll1|clk[0] ; 6.060        ; -0.018     ; 1.897      ;
; 4.132 ; vga_controller:vga_1|counter_x_reg[4] ; vga_b_reg[5] ; clock_1|altpll_component|auto_generated|pll1|clk[0] ; clock_1|altpll_component|auto_generated|pll1|clk[0] ; 6.060        ; -0.018     ; 1.897      ;
; 4.132 ; vga_controller:vga_1|counter_x_reg[4] ; vga_b_reg[6] ; clock_1|altpll_component|auto_generated|pll1|clk[0] ; clock_1|altpll_component|auto_generated|pll1|clk[0] ; 6.060        ; -0.018     ; 1.897      ;
; 4.132 ; vga_controller:vga_1|counter_x_reg[4] ; vga_b_reg[7] ; clock_1|altpll_component|auto_generated|pll1|clk[0] ; clock_1|altpll_component|auto_generated|pll1|clk[0] ; 6.060        ; -0.018     ; 1.897      ;
; 4.140 ; vga_controller:vga_1|counter_x_reg[7] ; vga_r_reg[0] ; clock_1|altpll_component|auto_generated|pll1|clk[0] ; clock_1|altpll_component|auto_generated|pll1|clk[0] ; 6.060        ; -0.018     ; 1.889      ;
; 4.140 ; vga_controller:vga_1|counter_x_reg[7] ; vga_r_reg[3] ; clock_1|altpll_component|auto_generated|pll1|clk[0] ; clock_1|altpll_component|auto_generated|pll1|clk[0] ; 6.060        ; -0.018     ; 1.889      ;
; 4.140 ; vga_controller:vga_1|counter_x_reg[7] ; vga_r_reg[5] ; clock_1|altpll_component|auto_generated|pll1|clk[0] ; clock_1|altpll_component|auto_generated|pll1|clk[0] ; 6.060        ; -0.018     ; 1.889      ;
; 4.140 ; vga_controller:vga_1|counter_x_reg[7] ; vga_g_reg[0] ; clock_1|altpll_component|auto_generated|pll1|clk[0] ; clock_1|altpll_component|auto_generated|pll1|clk[0] ; 6.060        ; -0.018     ; 1.889      ;
+-------+---------------------------------------+--------------+-----------------------------------------------------+-----------------------------------------------------+--------------+------------+------------+


+----------------------------------------------------------------------------------------------------------------------------------------------------------------------------------------------------------------------------------------------+
; Fast 1200mV 0C Model Hold: 'clock_1|altpll_component|auto_generated|pll1|clk[0]'                                                                                                                                                             ;
+-------+----------------------------------------+----------------------------------------+-----------------------------------------------------+-----------------------------------------------------+--------------+------------+------------+
; Slack ; From Node                              ; To Node                                ; Launch Clock                                        ; Latch Clock                                         ; Relationship ; Clock Skew ; Data Delay ;
+-------+----------------------------------------+----------------------------------------+-----------------------------------------------------+-----------------------------------------------------+--------------+------------+------------+
; 0.182 ; vga_controller:vga_1|counter_x_reg[0]  ; vga_controller:vga_1|counter_x_reg[0]  ; clock_1|altpll_component|auto_generated|pll1|clk[0] ; clock_1|altpll_component|auto_generated|pll1|clk[0] ; 0.000        ; 0.041      ; 0.307      ;
; 0.199 ; vga_controller:vga_1|counter_x_reg[11] ; vga_controller:vga_1|counter_x_reg[11] ; clock_1|altpll_component|auto_generated|pll1|clk[0] ; clock_1|altpll_component|auto_generated|pll1|clk[0] ; 0.000        ; 0.041      ; 0.324      ;
; 0.293 ; vga_controller:vga_1|counter_y_reg[9]  ; vga_controller:vga_1|counter_y_reg[9]  ; clock_1|altpll_component|auto_generated|pll1|clk[0] ; clock_1|altpll_component|auto_generated|pll1|clk[0] ; 0.000        ; 0.041      ; 0.418      ;
; 0.294 ; vga_controller:vga_1|counter_y_reg[5]  ; vga_controller:vga_1|counter_y_reg[5]  ; clock_1|altpll_component|auto_generated|pll1|clk[0] ; clock_1|altpll_component|auto_generated|pll1|clk[0] ; 0.000        ; 0.041      ; 0.419      ;
; 0.295 ; vga_controller:vga_1|counter_y_reg[8]  ; vga_controller:vga_1|counter_y_reg[8]  ; clock_1|altpll_component|auto_generated|pll1|clk[0] ; clock_1|altpll_component|auto_generated|pll1|clk[0] ; 0.000        ; 0.041      ; 0.420      ;
; 0.295 ; vga_controller:vga_1|counter_y_reg[7]  ; vga_controller:vga_1|counter_y_reg[7]  ; clock_1|altpll_component|auto_generated|pll1|clk[0] ; clock_1|altpll_component|auto_generated|pll1|clk[0] ; 0.000        ; 0.041      ; 0.420      ;
; 0.295 ; vga_controller:vga_1|counter_y_reg[6]  ; vga_controller:vga_1|counter_y_reg[6]  ; clock_1|altpll_component|auto_generated|pll1|clk[0] ; clock_1|altpll_component|auto_generated|pll1|clk[0] ; 0.000        ; 0.041      ; 0.420      ;
; 0.298 ; vga_controller:vga_1|counter_y_reg[1]  ; vga_controller:vga_1|counter_y_reg[1]  ; clock_1|altpll_component|auto_generated|pll1|clk[0] ; clock_1|altpll_component|auto_generated|pll1|clk[0] ; 0.000        ; 0.041      ; 0.423      ;
; 0.300 ; vga_controller:vga_1|counter_y_reg[11] ; vga_controller:vga_1|counter_y_reg[11] ; clock_1|altpll_component|auto_generated|pll1|clk[0] ; clock_1|altpll_component|auto_generated|pll1|clk[0] ; 0.000        ; 0.041      ; 0.425      ;
; 0.300 ; vga_controller:vga_1|counter_y_reg[2]  ; vga_controller:vga_1|counter_y_reg[2]  ; clock_1|altpll_component|auto_generated|pll1|clk[0] ; clock_1|altpll_component|auto_generated|pll1|clk[0] ; 0.000        ; 0.041      ; 0.425      ;
; 0.300 ; vga_controller:vga_1|counter_x_reg[10] ; vga_controller:vga_1|counter_x_reg[10] ; clock_1|altpll_component|auto_generated|pll1|clk[0] ; clock_1|altpll_component|auto_generated|pll1|clk[0] ; 0.000        ; 0.041      ; 0.425      ;
; 0.301 ; vga_controller:vga_1|counter_x_reg[6]  ; vga_controller:vga_1|counter_x_reg[6]  ; clock_1|altpll_component|auto_generated|pll1|clk[0] ; clock_1|altpll_component|auto_generated|pll1|clk[0] ; 0.000        ; 0.041      ; 0.426      ;
; 0.303 ; vga_controller:vga_1|counter_y_reg[10] ; vga_controller:vga_1|counter_y_reg[10] ; clock_1|altpll_component|auto_generated|pll1|clk[0] ; clock_1|altpll_component|auto_generated|pll1|clk[0] ; 0.000        ; 0.041      ; 0.428      ;
; 0.303 ; vga_controller:vga_1|counter_x_reg[7]  ; vga_controller:vga_1|counter_x_reg[7]  ; clock_1|altpll_component|auto_generated|pll1|clk[0] ; clock_1|altpll_component|auto_generated|pll1|clk[0] ; 0.000        ; 0.041      ; 0.428      ;
; 0.303 ; vga_controller:vga_1|counter_x_reg[9]  ; vga_controller:vga_1|counter_x_reg[9]  ; clock_1|altpll_component|auto_generated|pll1|clk[0] ; clock_1|altpll_component|auto_generated|pll1|clk[0] ; 0.000        ; 0.041      ; 0.428      ;
; 0.304 ; vga_controller:vga_1|counter_y_reg[3]  ; vga_controller:vga_1|counter_y_reg[3]  ; clock_1|altpll_component|auto_generated|pll1|clk[0] ; clock_1|altpll_component|auto_generated|pll1|clk[0] ; 0.000        ; 0.041      ; 0.429      ;
; 0.305 ; vga_controller:vga_1|counter_y_reg[4]  ; vga_controller:vga_1|counter_y_reg[4]  ; clock_1|altpll_component|auto_generated|pll1|clk[0] ; clock_1|altpll_component|auto_generated|pll1|clk[0] ; 0.000        ; 0.041      ; 0.430      ;
; 0.305 ; vga_controller:vga_1|counter_x_reg[8]  ; vga_controller:vga_1|counter_x_reg[8]  ; clock_1|altpll_component|auto_generated|pll1|clk[0] ; clock_1|altpll_component|auto_generated|pll1|clk[0] ; 0.000        ; 0.041      ; 0.430      ;
; 0.306 ; vga_controller:vga_1|counter_x_reg[2]  ; vga_controller:vga_1|counter_x_reg[2]  ; clock_1|altpll_component|auto_generated|pll1|clk[0] ; clock_1|altpll_component|auto_generated|pll1|clk[0] ; 0.000        ; 0.041      ; 0.431      ;
; 0.306 ; vga_controller:vga_1|counter_x_reg[5]  ; vga_controller:vga_1|counter_x_reg[5]  ; clock_1|altpll_component|auto_generated|pll1|clk[0] ; clock_1|altpll_component|auto_generated|pll1|clk[0] ; 0.000        ; 0.041      ; 0.431      ;
; 0.309 ; vga_controller:vga_1|counter_x_reg[4]  ; vga_controller:vga_1|counter_x_reg[4]  ; clock_1|altpll_component|auto_generated|pll1|clk[0] ; clock_1|altpll_component|auto_generated|pll1|clk[0] ; 0.000        ; 0.041      ; 0.434      ;
; 0.310 ; vga_controller:vga_1|counter_y_reg[0]  ; vga_controller:vga_1|counter_y_reg[0]  ; clock_1|altpll_component|auto_generated|pll1|clk[0] ; clock_1|altpll_component|auto_generated|pll1|clk[0] ; 0.000        ; 0.041      ; 0.435      ;
; 0.311 ; vga_controller:vga_1|counter_x_reg[3]  ; vga_controller:vga_1|counter_x_reg[3]  ; clock_1|altpll_component|auto_generated|pll1|clk[0] ; clock_1|altpll_component|auto_generated|pll1|clk[0] ; 0.000        ; 0.041      ; 0.436      ;
; 0.316 ; vga_controller:vga_1|counter_x_reg[1]  ; vga_controller:vga_1|counter_x_reg[1]  ; clock_1|altpll_component|auto_generated|pll1|clk[0] ; clock_1|altpll_component|auto_generated|pll1|clk[0] ; 0.000        ; 0.041      ; 0.441      ;
; 0.442 ; vga_controller:vga_1|counter_y_reg[9]  ; vga_controller:vga_1|counter_y_reg[10] ; clock_1|altpll_component|auto_generated|pll1|clk[0] ; clock_1|altpll_component|auto_generated|pll1|clk[0] ; 0.000        ; 0.041      ; 0.567      ;
; 0.443 ; vga_controller:vga_1|counter_y_reg[5]  ; vga_controller:vga_1|counter_y_reg[6]  ; clock_1|altpll_component|auto_generated|pll1|clk[0] ; clock_1|altpll_component|auto_generated|pll1|clk[0] ; 0.000        ; 0.041      ; 0.568      ;
; 0.444 ; vga_controller:vga_1|counter_y_reg[7]  ; vga_controller:vga_1|counter_y_reg[8]  ; clock_1|altpll_component|auto_generated|pll1|clk[0] ; clock_1|altpll_component|auto_generated|pll1|clk[0] ; 0.000        ; 0.041      ; 0.569      ;
; 0.447 ; vga_controller:vga_1|counter_y_reg[1]  ; vga_controller:vga_1|counter_y_reg[2]  ; clock_1|altpll_component|auto_generated|pll1|clk[0] ; clock_1|altpll_component|auto_generated|pll1|clk[0] ; 0.000        ; 0.041      ; 0.572      ;
; 0.449 ; vga_controller:vga_1|counter_x_reg[10] ; vga_controller:vga_1|counter_x_reg[11] ; clock_1|altpll_component|auto_generated|pll1|clk[0] ; clock_1|altpll_component|auto_generated|pll1|clk[0] ; 0.000        ; 0.041      ; 0.574      ;
; 0.450 ; vga_controller:vga_1|counter_x_reg[6]  ; vga_controller:vga_1|counter_x_reg[7]  ; clock_1|altpll_component|auto_generated|pll1|clk[0] ; clock_1|altpll_component|auto_generated|pll1|clk[0] ; 0.000        ; 0.041      ; 0.575      ;
; 0.453 ; vga_controller:vga_1|counter_y_reg[8]  ; vga_controller:vga_1|counter_y_reg[9]  ; clock_1|altpll_component|auto_generated|pll1|clk[0] ; clock_1|altpll_component|auto_generated|pll1|clk[0] ; 0.000        ; 0.041      ; 0.578      ;
; 0.453 ; vga_controller:vga_1|counter_y_reg[6]  ; vga_controller:vga_1|counter_y_reg[7]  ; clock_1|altpll_component|auto_generated|pll1|clk[0] ; clock_1|altpll_component|auto_generated|pll1|clk[0] ; 0.000        ; 0.041      ; 0.578      ;
; 0.453 ; vga_controller:vga_1|counter_y_reg[3]  ; vga_controller:vga_1|counter_y_reg[4]  ; clock_1|altpll_component|auto_generated|pll1|clk[0] ; clock_1|altpll_component|auto_generated|pll1|clk[0] ; 0.000        ; 0.041      ; 0.578      ;
; 0.454 ; vga_controller:vga_1|counter_x_reg[8]  ; vga_controller:vga_1|counter_x_reg[9]  ; clock_1|altpll_component|auto_generated|pll1|clk[0] ; clock_1|altpll_component|auto_generated|pll1|clk[0] ; 0.000        ; 0.041      ; 0.579      ;
; 0.455 ; vga_controller:vga_1|counter_x_reg[2]  ; vga_controller:vga_1|counter_x_reg[3]  ; clock_1|altpll_component|auto_generated|pll1|clk[0] ; clock_1|altpll_component|auto_generated|pll1|clk[0] ; 0.000        ; 0.041      ; 0.580      ;
; 0.456 ; vga_controller:vga_1|counter_y_reg[8]  ; vga_controller:vga_1|counter_y_reg[10] ; clock_1|altpll_component|auto_generated|pll1|clk[0] ; clock_1|altpll_component|auto_generated|pll1|clk[0] ; 0.000        ; 0.041      ; 0.581      ;
; 0.456 ; vga_controller:vga_1|counter_y_reg[6]  ; vga_controller:vga_1|counter_y_reg[8]  ; clock_1|altpll_component|auto_generated|pll1|clk[0] ; clock_1|altpll_component|auto_generated|pll1|clk[0] ; 0.000        ; 0.041      ; 0.581      ;
; 0.457 ; vga_controller:vga_1|counter_y_reg[0]  ; vga_controller:vga_1|counter_y_reg[1]  ; clock_1|altpll_component|auto_generated|pll1|clk[0] ; clock_1|altpll_component|auto_generated|pll1|clk[0] ; 0.000        ; 0.041      ; 0.582      ;
; 0.458 ; vga_controller:vga_1|counter_y_reg[2]  ; vga_controller:vga_1|counter_y_reg[3]  ; clock_1|altpll_component|auto_generated|pll1|clk[0] ; clock_1|altpll_component|auto_generated|pll1|clk[0] ; 0.000        ; 0.041      ; 0.583      ;
; 0.458 ; vga_controller:vga_1|counter_x_reg[4]  ; vga_controller:vga_1|counter_x_reg[5]  ; clock_1|altpll_component|auto_generated|pll1|clk[0] ; clock_1|altpll_component|auto_generated|pll1|clk[0] ; 0.000        ; 0.041      ; 0.583      ;
; 0.460 ; vga_controller:vga_1|counter_y_reg[0]  ; vga_controller:vga_1|counter_y_reg[2]  ; clock_1|altpll_component|auto_generated|pll1|clk[0] ; clock_1|altpll_component|auto_generated|pll1|clk[0] ; 0.000        ; 0.041      ; 0.585      ;
; 0.461 ; vga_controller:vga_1|counter_y_reg[10] ; vga_controller:vga_1|counter_y_reg[11] ; clock_1|altpll_component|auto_generated|pll1|clk[0] ; clock_1|altpll_component|auto_generated|pll1|clk[0] ; 0.000        ; 0.041      ; 0.586      ;
; 0.461 ; vga_controller:vga_1|counter_x_reg[9]  ; vga_controller:vga_1|counter_x_reg[10] ; clock_1|altpll_component|auto_generated|pll1|clk[0] ; clock_1|altpll_component|auto_generated|pll1|clk[0] ; 0.000        ; 0.041      ; 0.586      ;
; 0.461 ; vga_controller:vga_1|counter_x_reg[7]  ; vga_controller:vga_1|counter_x_reg[8]  ; clock_1|altpll_component|auto_generated|pll1|clk[0] ; clock_1|altpll_component|auto_generated|pll1|clk[0] ; 0.000        ; 0.041      ; 0.586      ;
; 0.461 ; vga_controller:vga_1|counter_y_reg[2]  ; vga_controller:vga_1|counter_y_reg[4]  ; clock_1|altpll_component|auto_generated|pll1|clk[0] ; clock_1|altpll_component|auto_generated|pll1|clk[0] ; 0.000        ; 0.041      ; 0.586      ;
; 0.463 ; vga_controller:vga_1|counter_y_reg[4]  ; vga_controller:vga_1|counter_y_reg[5]  ; clock_1|altpll_component|auto_generated|pll1|clk[0] ; clock_1|altpll_component|auto_generated|pll1|clk[0] ; 0.000        ; 0.041      ; 0.588      ;
; 0.464 ; vga_controller:vga_1|counter_x_reg[5]  ; vga_controller:vga_1|counter_x_reg[6]  ; clock_1|altpll_component|auto_generated|pll1|clk[0] ; clock_1|altpll_component|auto_generated|pll1|clk[0] ; 0.000        ; 0.041      ; 0.589      ;
; 0.464 ; vga_controller:vga_1|counter_x_reg[9]  ; vga_controller:vga_1|counter_x_reg[11] ; clock_1|altpll_component|auto_generated|pll1|clk[0] ; clock_1|altpll_component|auto_generated|pll1|clk[0] ; 0.000        ; 0.041      ; 0.589      ;
; 0.464 ; vga_controller:vga_1|counter_x_reg[7]  ; vga_controller:vga_1|counter_x_reg[9]  ; clock_1|altpll_component|auto_generated|pll1|clk[0] ; clock_1|altpll_component|auto_generated|pll1|clk[0] ; 0.000        ; 0.041      ; 0.589      ;
; 0.466 ; vga_controller:vga_1|counter_y_reg[4]  ; vga_controller:vga_1|counter_y_reg[6]  ; clock_1|altpll_component|auto_generated|pll1|clk[0] ; clock_1|altpll_component|auto_generated|pll1|clk[0] ; 0.000        ; 0.041      ; 0.591      ;
; 0.467 ; vga_controller:vga_1|counter_y_reg[4]  ; vga_controller:vga_1|vsync_reg         ; clock_1|altpll_component|auto_generated|pll1|clk[0] ; clock_1|altpll_component|auto_generated|pll1|clk[0] ; 0.000        ; 0.054      ; 0.605      ;
; 0.467 ; vga_controller:vga_1|counter_x_reg[5]  ; vga_controller:vga_1|counter_x_reg[7]  ; clock_1|altpll_component|auto_generated|pll1|clk[0] ; clock_1|altpll_component|auto_generated|pll1|clk[0] ; 0.000        ; 0.041      ; 0.592      ;
; 0.469 ; vga_controller:vga_1|counter_x_reg[1]  ; vga_controller:vga_1|counter_x_reg[2]  ; clock_1|altpll_component|auto_generated|pll1|clk[0] ; clock_1|altpll_component|auto_generated|pll1|clk[0] ; 0.000        ; 0.041      ; 0.594      ;
; 0.469 ; vga_controller:vga_1|counter_x_reg[3]  ; vga_controller:vga_1|counter_x_reg[4]  ; clock_1|altpll_component|auto_generated|pll1|clk[0] ; clock_1|altpll_component|auto_generated|pll1|clk[0] ; 0.000        ; 0.041      ; 0.594      ;
; 0.472 ; vga_controller:vga_1|counter_x_reg[1]  ; vga_controller:vga_1|counter_x_reg[3]  ; clock_1|altpll_component|auto_generated|pll1|clk[0] ; clock_1|altpll_component|auto_generated|pll1|clk[0] ; 0.000        ; 0.041      ; 0.597      ;
; 0.472 ; vga_controller:vga_1|counter_x_reg[3]  ; vga_controller:vga_1|counter_x_reg[5]  ; clock_1|altpll_component|auto_generated|pll1|clk[0] ; clock_1|altpll_component|auto_generated|pll1|clk[0] ; 0.000        ; 0.041      ; 0.597      ;
; 0.505 ; vga_controller:vga_1|counter_y_reg[9]  ; vga_controller:vga_1|counter_y_reg[11] ; clock_1|altpll_component|auto_generated|pll1|clk[0] ; clock_1|altpll_component|auto_generated|pll1|clk[0] ; 0.000        ; 0.041      ; 0.630      ;
; 0.506 ; vga_controller:vga_1|counter_y_reg[5]  ; vga_controller:vga_1|counter_y_reg[7]  ; clock_1|altpll_component|auto_generated|pll1|clk[0] ; clock_1|altpll_component|auto_generated|pll1|clk[0] ; 0.000        ; 0.041      ; 0.631      ;
; 0.507 ; vga_controller:vga_1|counter_y_reg[7]  ; vga_controller:vga_1|counter_y_reg[9]  ; clock_1|altpll_component|auto_generated|pll1|clk[0] ; clock_1|altpll_component|auto_generated|pll1|clk[0] ; 0.000        ; 0.041      ; 0.632      ;
; 0.509 ; vga_controller:vga_1|counter_y_reg[5]  ; vga_controller:vga_1|counter_y_reg[8]  ; clock_1|altpll_component|auto_generated|pll1|clk[0] ; clock_1|altpll_component|auto_generated|pll1|clk[0] ; 0.000        ; 0.041      ; 0.634      ;
; 0.510 ; vga_controller:vga_1|counter_y_reg[7]  ; vga_controller:vga_1|counter_y_reg[10] ; clock_1|altpll_component|auto_generated|pll1|clk[0] ; clock_1|altpll_component|auto_generated|pll1|clk[0] ; 0.000        ; 0.041      ; 0.635      ;
; 0.510 ; vga_controller:vga_1|counter_y_reg[1]  ; vga_controller:vga_1|counter_y_reg[3]  ; clock_1|altpll_component|auto_generated|pll1|clk[0] ; clock_1|altpll_component|auto_generated|pll1|clk[0] ; 0.000        ; 0.041      ; 0.635      ;
; 0.512 ; vga_controller:vga_1|counter_y_reg[3]  ; vga_controller:vga_1|vsync_reg         ; clock_1|altpll_component|auto_generated|pll1|clk[0] ; clock_1|altpll_component|auto_generated|pll1|clk[0] ; 0.000        ; 0.054      ; 0.650      ;
; 0.513 ; vga_controller:vga_1|counter_x_reg[6]  ; vga_controller:vga_1|counter_x_reg[8]  ; clock_1|altpll_component|auto_generated|pll1|clk[0] ; clock_1|altpll_component|auto_generated|pll1|clk[0] ; 0.000        ; 0.041      ; 0.638      ;
; 0.513 ; vga_controller:vga_1|counter_y_reg[1]  ; vga_controller:vga_1|counter_y_reg[4]  ; clock_1|altpll_component|auto_generated|pll1|clk[0] ; clock_1|altpll_component|auto_generated|pll1|clk[0] ; 0.000        ; 0.041      ; 0.638      ;
; 0.516 ; vga_controller:vga_1|counter_y_reg[3]  ; vga_controller:vga_1|counter_y_reg[5]  ; clock_1|altpll_component|auto_generated|pll1|clk[0] ; clock_1|altpll_component|auto_generated|pll1|clk[0] ; 0.000        ; 0.041      ; 0.641      ;
; 0.516 ; vga_controller:vga_1|counter_x_reg[6]  ; vga_controller:vga_1|counter_x_reg[9]  ; clock_1|altpll_component|auto_generated|pll1|clk[0] ; clock_1|altpll_component|auto_generated|pll1|clk[0] ; 0.000        ; 0.041      ; 0.641      ;
; 0.517 ; vga_controller:vga_1|counter_x_reg[8]  ; vga_controller:vga_1|counter_x_reg[10] ; clock_1|altpll_component|auto_generated|pll1|clk[0] ; clock_1|altpll_component|auto_generated|pll1|clk[0] ; 0.000        ; 0.041      ; 0.642      ;
; 0.518 ; vga_controller:vga_1|counter_x_reg[2]  ; vga_controller:vga_1|counter_x_reg[4]  ; clock_1|altpll_component|auto_generated|pll1|clk[0] ; clock_1|altpll_component|auto_generated|pll1|clk[0] ; 0.000        ; 0.041      ; 0.643      ;
; 0.519 ; vga_controller:vga_1|counter_y_reg[3]  ; vga_controller:vga_1|counter_y_reg[6]  ; clock_1|altpll_component|auto_generated|pll1|clk[0] ; clock_1|altpll_component|auto_generated|pll1|clk[0] ; 0.000        ; 0.041      ; 0.644      ;
; 0.519 ; vga_controller:vga_1|counter_y_reg[8]  ; vga_controller:vga_1|counter_y_reg[11] ; clock_1|altpll_component|auto_generated|pll1|clk[0] ; clock_1|altpll_component|auto_generated|pll1|clk[0] ; 0.000        ; 0.041      ; 0.644      ;
; 0.519 ; vga_controller:vga_1|counter_y_reg[6]  ; vga_controller:vga_1|counter_y_reg[9]  ; clock_1|altpll_component|auto_generated|pll1|clk[0] ; clock_1|altpll_component|auto_generated|pll1|clk[0] ; 0.000        ; 0.041      ; 0.644      ;
; 0.520 ; vga_controller:vga_1|counter_x_reg[8]  ; vga_controller:vga_1|counter_x_reg[11] ; clock_1|altpll_component|auto_generated|pll1|clk[0] ; clock_1|altpll_component|auto_generated|pll1|clk[0] ; 0.000        ; 0.041      ; 0.645      ;
; 0.521 ; vga_controller:vga_1|counter_x_reg[4]  ; vga_controller:vga_1|counter_x_reg[6]  ; clock_1|altpll_component|auto_generated|pll1|clk[0] ; clock_1|altpll_component|auto_generated|pll1|clk[0] ; 0.000        ; 0.041      ; 0.646      ;
; 0.521 ; vga_controller:vga_1|counter_x_reg[2]  ; vga_controller:vga_1|counter_x_reg[5]  ; clock_1|altpll_component|auto_generated|pll1|clk[0] ; clock_1|altpll_component|auto_generated|pll1|clk[0] ; 0.000        ; 0.041      ; 0.646      ;
; 0.522 ; vga_controller:vga_1|counter_y_reg[6]  ; vga_controller:vga_1|counter_y_reg[10] ; clock_1|altpll_component|auto_generated|pll1|clk[0] ; clock_1|altpll_component|auto_generated|pll1|clk[0] ; 0.000        ; 0.041      ; 0.647      ;
; 0.523 ; vga_controller:vga_1|counter_y_reg[0]  ; vga_controller:vga_1|counter_y_reg[3]  ; clock_1|altpll_component|auto_generated|pll1|clk[0] ; clock_1|altpll_component|auto_generated|pll1|clk[0] ; 0.000        ; 0.041      ; 0.648      ;
; 0.524 ; vga_controller:vga_1|counter_x_reg[4]  ; vga_controller:vga_1|counter_x_reg[7]  ; clock_1|altpll_component|auto_generated|pll1|clk[0] ; clock_1|altpll_component|auto_generated|pll1|clk[0] ; 0.000        ; 0.041      ; 0.649      ;
; 0.524 ; vga_controller:vga_1|counter_y_reg[2]  ; vga_controller:vga_1|counter_y_reg[5]  ; clock_1|altpll_component|auto_generated|pll1|clk[0] ; clock_1|altpll_component|auto_generated|pll1|clk[0] ; 0.000        ; 0.041      ; 0.649      ;
; 0.526 ; vga_controller:vga_1|counter_y_reg[0]  ; vga_controller:vga_1|counter_y_reg[4]  ; clock_1|altpll_component|auto_generated|pll1|clk[0] ; clock_1|altpll_component|auto_generated|pll1|clk[0] ; 0.000        ; 0.041      ; 0.651      ;
; 0.527 ; vga_controller:vga_1|counter_x_reg[7]  ; vga_controller:vga_1|counter_x_reg[10] ; clock_1|altpll_component|auto_generated|pll1|clk[0] ; clock_1|altpll_component|auto_generated|pll1|clk[0] ; 0.000        ; 0.041      ; 0.652      ;
; 0.527 ; vga_controller:vga_1|counter_y_reg[2]  ; vga_controller:vga_1|counter_y_reg[6]  ; clock_1|altpll_component|auto_generated|pll1|clk[0] ; clock_1|altpll_component|auto_generated|pll1|clk[0] ; 0.000        ; 0.041      ; 0.652      ;
; 0.529 ; vga_controller:vga_1|counter_y_reg[4]  ; vga_controller:vga_1|counter_y_reg[7]  ; clock_1|altpll_component|auto_generated|pll1|clk[0] ; clock_1|altpll_component|auto_generated|pll1|clk[0] ; 0.000        ; 0.041      ; 0.654      ;
; 0.530 ; vga_controller:vga_1|counter_x_reg[5]  ; vga_controller:vga_1|counter_x_reg[8]  ; clock_1|altpll_component|auto_generated|pll1|clk[0] ; clock_1|altpll_component|auto_generated|pll1|clk[0] ; 0.000        ; 0.041      ; 0.655      ;
; 0.530 ; vga_controller:vga_1|counter_x_reg[7]  ; vga_controller:vga_1|counter_x_reg[11] ; clock_1|altpll_component|auto_generated|pll1|clk[0] ; clock_1|altpll_component|auto_generated|pll1|clk[0] ; 0.000        ; 0.041      ; 0.655      ;
; 0.532 ; vga_controller:vga_1|counter_y_reg[4]  ; vga_controller:vga_1|counter_y_reg[8]  ; clock_1|altpll_component|auto_generated|pll1|clk[0] ; clock_1|altpll_component|auto_generated|pll1|clk[0] ; 0.000        ; 0.041      ; 0.657      ;
; 0.533 ; vga_controller:vga_1|counter_x_reg[5]  ; vga_controller:vga_1|counter_x_reg[9]  ; clock_1|altpll_component|auto_generated|pll1|clk[0] ; clock_1|altpll_component|auto_generated|pll1|clk[0] ; 0.000        ; 0.041      ; 0.658      ;
; 0.535 ; vga_controller:vga_1|counter_x_reg[1]  ; vga_controller:vga_1|counter_x_reg[4]  ; clock_1|altpll_component|auto_generated|pll1|clk[0] ; clock_1|altpll_component|auto_generated|pll1|clk[0] ; 0.000        ; 0.041      ; 0.660      ;
; 0.535 ; vga_controller:vga_1|counter_x_reg[3]  ; vga_controller:vga_1|counter_x_reg[6]  ; clock_1|altpll_component|auto_generated|pll1|clk[0] ; clock_1|altpll_component|auto_generated|pll1|clk[0] ; 0.000        ; 0.041      ; 0.660      ;
; 0.538 ; vga_controller:vga_1|counter_x_reg[1]  ; vga_controller:vga_1|counter_x_reg[5]  ; clock_1|altpll_component|auto_generated|pll1|clk[0] ; clock_1|altpll_component|auto_generated|pll1|clk[0] ; 0.000        ; 0.041      ; 0.663      ;
; 0.538 ; vga_controller:vga_1|counter_x_reg[3]  ; vga_controller:vga_1|counter_x_reg[7]  ; clock_1|altpll_component|auto_generated|pll1|clk[0] ; clock_1|altpll_component|auto_generated|pll1|clk[0] ; 0.000        ; 0.041      ; 0.663      ;
; 0.566 ; vga_controller:vga_1|counter_x_reg[10] ; vga_controller:vga_1|hsync_reg         ; clock_1|altpll_component|auto_generated|pll1|clk[0] ; clock_1|altpll_component|auto_generated|pll1|clk[0] ; 0.000        ; 0.037      ; 0.687      ;
; 0.572 ; vga_controller:vga_1|counter_y_reg[5]  ; vga_controller:vga_1|counter_y_reg[9]  ; clock_1|altpll_component|auto_generated|pll1|clk[0] ; clock_1|altpll_component|auto_generated|pll1|clk[0] ; 0.000        ; 0.041      ; 0.697      ;
; 0.573 ; vga_controller:vga_1|counter_y_reg[7]  ; vga_controller:vga_1|counter_y_reg[11] ; clock_1|altpll_component|auto_generated|pll1|clk[0] ; clock_1|altpll_component|auto_generated|pll1|clk[0] ; 0.000        ; 0.041      ; 0.698      ;
; 0.575 ; vga_controller:vga_1|counter_y_reg[5]  ; vga_controller:vga_1|counter_y_reg[10] ; clock_1|altpll_component|auto_generated|pll1|clk[0] ; clock_1|altpll_component|auto_generated|pll1|clk[0] ; 0.000        ; 0.041      ; 0.700      ;
; 0.576 ; vga_controller:vga_1|counter_y_reg[1]  ; vga_controller:vga_1|counter_y_reg[5]  ; clock_1|altpll_component|auto_generated|pll1|clk[0] ; clock_1|altpll_component|auto_generated|pll1|clk[0] ; 0.000        ; 0.041      ; 0.701      ;
; 0.579 ; vga_controller:vga_1|counter_x_reg[6]  ; vga_controller:vga_1|counter_x_reg[10] ; clock_1|altpll_component|auto_generated|pll1|clk[0] ; clock_1|altpll_component|auto_generated|pll1|clk[0] ; 0.000        ; 0.041      ; 0.704      ;
; 0.579 ; vga_controller:vga_1|counter_y_reg[1]  ; vga_controller:vga_1|counter_y_reg[6]  ; clock_1|altpll_component|auto_generated|pll1|clk[0] ; clock_1|altpll_component|auto_generated|pll1|clk[0] ; 0.000        ; 0.041      ; 0.704      ;
; 0.582 ; vga_controller:vga_1|counter_y_reg[3]  ; vga_controller:vga_1|counter_y_reg[7]  ; clock_1|altpll_component|auto_generated|pll1|clk[0] ; clock_1|altpll_component|auto_generated|pll1|clk[0] ; 0.000        ; 0.041      ; 0.707      ;
; 0.582 ; vga_controller:vga_1|counter_x_reg[6]  ; vga_controller:vga_1|counter_x_reg[11] ; clock_1|altpll_component|auto_generated|pll1|clk[0] ; clock_1|altpll_component|auto_generated|pll1|clk[0] ; 0.000        ; 0.041      ; 0.707      ;
+-------+----------------------------------------+----------------------------------------+-----------------------------------------------------+-----------------------------------------------------+--------------+------------+------------+


----------------------------------------------
; Fast 1200mV 0C Model Metastability Summary ;
----------------------------------------------
No synchronizer chains to report.


+-----------------------------------------------------------------------------------------------------------------+
; Multicorner Timing Analysis Summary                                                                             ;
+------------------------------------------------------+-------+-------+----------+---------+---------------------+
; Clock                                                ; Setup ; Hold  ; Recovery ; Removal ; Minimum Pulse Width ;
+------------------------------------------------------+-------+-------+----------+---------+---------------------+
; Worst-case Slack                                     ; 1.792 ; 0.182 ; N/A      ; N/A     ; 5.770               ;
;  clk                                                 ; N/A   ; N/A   ; N/A      ; N/A     ; 9.400               ;
;  clock_1|altpll_component|auto_generated|pll1|clk[0] ; 1.792 ; 0.182 ; N/A      ; N/A     ; 5.770               ;
; Design-wide TNS                                      ; 0.0   ; 0.0   ; 0.0      ; 0.0     ; 0.0                 ;
;  clk                                                 ; N/A   ; N/A   ; N/A      ; N/A     ; 0.000               ;
;  clock_1|altpll_component|auto_generated|pll1|clk[0] ; 0.000 ; 0.000 ; N/A      ; N/A     ; 0.000               ;
+------------------------------------------------------+-------+-------+----------+---------+---------------------+


+------------------------------------------------------------------------------------------------------------------------------------------------------------------------------------------------------------------------------------------------------------------------------------------------------------------------------------------------------------------------------------------------------------------+
; Board Trace Model Assignments                                                                                                                                                                                                                                                                                                                                                                                    ;
+---------------+--------------+-------------------+-------------------------+-------------------------+---------------+---------------------+----------------+------------------+--------+------------------+------------------------+------------------------+--------------+---------------+-----------------+-------+---------------------+--------------------+---------------+-----------------+-------------+
; Pin           ; I/O Standard ; Near Tline Length ; Near Tline L per Length ; Near Tline C per Length ; Near Series R ; Near Differential R ; Near Pull-up R ; Near Pull-down R ; Near C ; Far Tline Length ; Far Tline L per Length ; Far Tline C per Length ; Far Series R ; Far Pull-up R ; Far Pull-down R ; Far C ; Termination Voltage ; Far Differential R ; EBD File Name ; EBD Signal Name ; EBD Far-end ;
+---------------+--------------+-------------------+-------------------------+-------------------------+---------------+---------------------+----------------+------------------+--------+------------------+------------------------+------------------------+--------------+---------------+-----------------+-------+---------------------+--------------------+---------------+-----------------+-------------+
; h_sync        ; 3.3-V LVCMOS ; 0 in              ; 0 H/in                  ; 0 F/in                  ; short         ; -                   ; open           ; open             ; open   ; 0 in             ; 0 H/in                 ; 0 F/in                 ; short        ; open          ; open            ; open  ; 0 V                 ; -                  ; n/a           ; n/a             ; n/a         ;
; v_sync        ; 3.3-V LVCMOS ; 0 in              ; 0 H/in                  ; 0 F/in                  ; short         ; -                   ; open           ; open             ; open   ; 0 in             ; 0 H/in                 ; 0 F/in                 ; short        ; open          ; open            ; open  ; 0 V                 ; -                  ; n/a           ; n/a             ; n/a         ;
; blank_n       ; 3.3-V LVCMOS ; 0 in              ; 0 H/in                  ; 0 F/in                  ; short         ; -                   ; open           ; open             ; open   ; 0 in             ; 0 H/in                 ; 0 F/in                 ; short        ; open          ; open            ; open  ; 0 V                 ; -                  ; n/a           ; n/a             ; n/a         ;
; sync_n        ; 3.3-V LVCMOS ; 0 in              ; 0 H/in                  ; 0 F/in                  ; short         ; -                   ; open           ; open             ; open   ; 0 in             ; 0 H/in                 ; 0 F/in                 ; short        ; open          ; open            ; open  ; 0 V                 ; -                  ; n/a           ; n/a             ; n/a         ;
; vga_r[0]      ; 3.3-V LVCMOS ; 0 in              ; 0 H/in                  ; 0 F/in                  ; short         ; -                   ; open           ; open             ; open   ; 0 in             ; 0 H/in                 ; 0 F/in                 ; short        ; open          ; open            ; open  ; 0 V                 ; -                  ; n/a           ; n/a             ; n/a         ;
; vga_r[1]      ; 3.3-V LVCMOS ; 0 in              ; 0 H/in                  ; 0 F/in                  ; short         ; -                   ; open           ; open             ; open   ; 0 in             ; 0 H/in                 ; 0 F/in                 ; short        ; open          ; open            ; open  ; 0 V                 ; -                  ; n/a           ; n/a             ; n/a         ;
; vga_r[2]      ; 3.3-V LVCMOS ; 0 in              ; 0 H/in                  ; 0 F/in                  ; short         ; -                   ; open           ; open             ; open   ; 0 in             ; 0 H/in                 ; 0 F/in                 ; short        ; open          ; open            ; open  ; 0 V                 ; -                  ; n/a           ; n/a             ; n/a         ;
; vga_r[3]      ; 3.3-V LVCMOS ; 0 in              ; 0 H/in                  ; 0 F/in                  ; short         ; -                   ; open           ; open             ; open   ; 0 in             ; 0 H/in                 ; 0 F/in                 ; short        ; open          ; open            ; open  ; 0 V                 ; -                  ; n/a           ; n/a             ; n/a         ;
; vga_r[4]      ; 3.3-V LVCMOS ; 0 in              ; 0 H/in                  ; 0 F/in                  ; short         ; -                   ; open           ; open             ; open   ; 0 in             ; 0 H/in                 ; 0 F/in                 ; short        ; open          ; open            ; open  ; 0 V                 ; -                  ; n/a           ; n/a             ; n/a         ;
; vga_r[5]      ; 3.3-V LVCMOS ; 0 in              ; 0 H/in                  ; 0 F/in                  ; short         ; -                   ; open           ; open             ; open   ; 0 in             ; 0 H/in                 ; 0 F/in                 ; short        ; open          ; open            ; open  ; 0 V                 ; -                  ; n/a           ; n/a             ; n/a         ;
; vga_r[6]      ; 3.3-V LVCMOS ; 0 in              ; 0 H/in                  ; 0 F/in                  ; short         ; -                   ; open           ; open             ; open   ; 0 in             ; 0 H/in                 ; 0 F/in                 ; short        ; open          ; open            ; open  ; 0 V                 ; -                  ; n/a           ; n/a             ; n/a         ;
; vga_r[7]      ; 3.3-V LVCMOS ; 0 in              ; 0 H/in                  ; 0 F/in                  ; short         ; -                   ; open           ; open             ; open   ; 0 in             ; 0 H/in                 ; 0 F/in                 ; short        ; open          ; open            ; open  ; 0 V                 ; -                  ; n/a           ; n/a             ; n/a         ;
; vga_g[0]      ; 3.3-V LVCMOS ; 0 in              ; 0 H/in                  ; 0 F/in                  ; short         ; -                   ; open           ; open             ; open   ; 0 in             ; 0 H/in                 ; 0 F/in                 ; short        ; open          ; open            ; open  ; 0 V                 ; -                  ; n/a           ; n/a             ; n/a         ;
; vga_g[1]      ; 3.3-V LVCMOS ; 0 in              ; 0 H/in                  ; 0 F/in                  ; short         ; -                   ; open           ; open             ; open   ; 0 in             ; 0 H/in                 ; 0 F/in                 ; short        ; open          ; open            ; open  ; 0 V                 ; -                  ; n/a           ; n/a             ; n/a         ;
; vga_g[2]      ; 3.3-V LVCMOS ; 0 in              ; 0 H/in                  ; 0 F/in                  ; short         ; -                   ; open           ; open             ; open   ; 0 in             ; 0 H/in                 ; 0 F/in                 ; short        ; open          ; open            ; open  ; 0 V                 ; -                  ; n/a           ; n/a             ; n/a         ;
; vga_g[3]      ; 3.3-V LVCMOS ; 0 in              ; 0 H/in                  ; 0 F/in                  ; short         ; -                   ; open           ; open             ; open   ; 0 in             ; 0 H/in                 ; 0 F/in                 ; short        ; open          ; open            ; open  ; 0 V                 ; -                  ; n/a           ; n/a             ; n/a         ;
; vga_g[4]      ; 3.3-V LVCMOS ; 0 in              ; 0 H/in                  ; 0 F/in                  ; short         ; -                   ; open           ; open             ; open   ; 0 in             ; 0 H/in                 ; 0 F/in                 ; short        ; open          ; open            ; open  ; 0 V                 ; -                  ; n/a           ; n/a             ; n/a         ;
; vga_g[5]      ; 3.3-V LVCMOS ; 0 in              ; 0 H/in                  ; 0 F/in                  ; short         ; -                   ; open           ; open             ; open   ; 0 in             ; 0 H/in                 ; 0 F/in                 ; short        ; open          ; open            ; open  ; 0 V                 ; -                  ; n/a           ; n/a             ; n/a         ;
; vga_g[6]      ; 3.3-V LVCMOS ; 0 in              ; 0 H/in                  ; 0 F/in                  ; short         ; -                   ; open           ; open             ; open   ; 0 in             ; 0 H/in                 ; 0 F/in                 ; short        ; open          ; open            ; open  ; 0 V                 ; -                  ; n/a           ; n/a             ; n/a         ;
; vga_g[7]      ; 3.3-V LVCMOS ; 0 in              ; 0 H/in                  ; 0 F/in                  ; short         ; -                   ; open           ; open             ; open   ; 0 in             ; 0 H/in                 ; 0 F/in                 ; short        ; open          ; open            ; open  ; 0 V                 ; -                  ; n/a           ; n/a             ; n/a         ;
; vga_b[0]      ; 3.3-V LVCMOS ; 0 in              ; 0 H/in                  ; 0 F/in                  ; short         ; -                   ; open           ; open             ; open   ; 0 in             ; 0 H/in                 ; 0 F/in                 ; short        ; open          ; open            ; open  ; 0 V                 ; -                  ; n/a           ; n/a             ; n/a         ;
; vga_b[1]      ; 3.3-V LVCMOS ; 0 in              ; 0 H/in                  ; 0 F/in                  ; short         ; -                   ; open           ; open             ; open   ; 0 in             ; 0 H/in                 ; 0 F/in                 ; short        ; open          ; open            ; open  ; 0 V                 ; -                  ; n/a           ; n/a             ; n/a         ;
; vga_b[2]      ; 3.3-V LVCMOS ; 0 in              ; 0 H/in                  ; 0 F/in                  ; short         ; -                   ; open           ; open             ; open   ; 0 in             ; 0 H/in                 ; 0 F/in                 ; short        ; open          ; open            ; open  ; 0 V                 ; -                  ; n/a           ; n/a             ; n/a         ;
; vga_b[3]      ; 3.3-V LVCMOS ; 0 in              ; 0 H/in                  ; 0 F/in                  ; short         ; -                   ; open           ; open             ; open   ; 0 in             ; 0 H/in                 ; 0 F/in                 ; short        ; open          ; open            ; open  ; 0 V                 ; -                  ; n/a           ; n/a             ; n/a         ;
; vga_b[4]      ; 3.3-V LVCMOS ; 0 in              ; 0 H/in                  ; 0 F/in                  ; short         ; -                   ; open           ; open             ; open   ; 0 in             ; 0 H/in                 ; 0 F/in                 ; short        ; open          ; open            ; open  ; 0 V                 ; -                  ; n/a           ; n/a             ; n/a         ;
; vga_b[5]      ; 3.3-V LVCMOS ; 0 in              ; 0 H/in                  ; 0 F/in                  ; short         ; -                   ; open           ; open             ; open   ; 0 in             ; 0 H/in                 ; 0 F/in                 ; short        ; open          ; open            ; open  ; 0 V                 ; -                  ; n/a           ; n/a             ; n/a         ;
; vga_b[6]      ; 3.3-V LVCMOS ; 0 in              ; 0 H/in                  ; 0 F/in                  ; short         ; -                   ; open           ; open             ; open   ; 0 in             ; 0 H/in                 ; 0 F/in                 ; short        ; open          ; open            ; open  ; 0 V                 ; -                  ; n/a           ; n/a             ; n/a         ;
; vga_b[7]      ; 3.3-V LVCMOS ; 0 in              ; 0 H/in                  ; 0 F/in                  ; short         ; -                   ; open           ; open             ; open   ; 0 in             ; 0 H/in                 ; 0 F/in                 ; short        ; open          ; open            ; open  ; 0 V                 ; -                  ; n/a           ; n/a             ; n/a         ;
; ~ALTERA_DCLK~ ; 2.5 V        ; 0 in              ; 0 H/in                  ; 0 F/in                  ; short         ; -                   ; open           ; open             ; open   ; 0 in             ; 0 H/in                 ; 0 F/in                 ; short        ; open          ; open            ; open  ; 0 V                 ; -                  ; n/a           ; n/a             ; n/a         ;
; ~ALTERA_nCEO~ ; 3.3-V LVTTL  ; 0 in              ; 0 H/in                  ; 0 F/in                  ; short         ; -                   ; open           ; open             ; open   ; 0 in             ; 0 H/in                 ; 0 F/in                 ; short        ; open          ; open            ; open  ; 0 V                 ; -                  ; n/a           ; n/a             ; n/a         ;
+---------------+--------------+-------------------+-------------------------+-------------------------+---------------+---------------------+----------------+------------------+--------+------------------+------------------------+------------------------+--------------+---------------+-----------------+-------+---------------------+--------------------+---------------+-----------------+-------------+


+----------------------------------------------------------------------------+
; Input Transition Times                                                     ;
+-------------------------+--------------+-----------------+-----------------+
; Pin                     ; I/O Standard ; 10-90 Rise Time ; 90-10 Fall Time ;
+-------------------------+--------------+-----------------+-----------------+
; btn_move_figure[0]      ; 3.3-V LVCMOS ; 2640 ps         ; 2640 ps         ;
; btn_move_figure[1]      ; 3.3-V LVCMOS ; 2640 ps         ; 2640 ps         ;
; btn_move_figure[2]      ; 3.0-V LVCMOS ; 2400 ps         ; 2400 ps         ;
; btn_move_figure[3]      ; 3.3-V LVCMOS ; 2640 ps         ; 2640 ps         ;
; resetn                  ; 3.3-V LVCMOS ; 2640 ps         ; 2640 ps         ;
; sw[0]                   ; 3.3-V LVCMOS ; 2640 ps         ; 2640 ps         ;
; sw[1]                   ; 3.3-V LVCMOS ; 2640 ps         ; 2640 ps         ;
; clk                     ; 3.3-V LVCMOS ; 2640 ps         ; 2640 ps         ;
; ~ALTERA_ASDO_DATA1~     ; 2.5 V        ; 2000 ps         ; 2000 ps         ;
; ~ALTERA_FLASH_nCE_nCSO~ ; 2.5 V        ; 2000 ps         ; 2000 ps         ;
; ~ALTERA_DATA0~          ; 2.5 V        ; 2000 ps         ; 2000 ps         ;
+-------------------------+--------------+-----------------+-----------------+


+--------------------------------------------------------------------------------------------------------------------------------------------------------------------------------------------------------------------------------------------------------------------------------------------------------------------------------------------------------------------------------------------------------------------------------------------------------------------------------------------------------------------------------------------------------------------------------------------------------------------------------------------------------------------------------------------+
; Signal Integrity Metrics (Slow 1200mv 0c Model)                                                                                                                                                                                                                                                                                                                                                                                                                                                                                                                                                                                                                                            ;
+---------------+--------------+---------------------+---------------------+------------------------------+------------------------------+---------------------+---------------------+--------------------------------------+--------------------------------------+-----------------------------+-----------------------------+----------------------------+----------------------------+-----------------------------+-----------------------------+--------------------+--------------------+-------------------------------------+-------------------------------------+----------------------------+----------------------------+---------------------------+---------------------------+
; Pin           ; I/O Standard ; Board Delay on Rise ; Board Delay on Fall ; Steady State Voh at FPGA Pin ; Steady State Vol at FPGA Pin ; Voh Max at FPGA Pin ; Vol Min at FPGA Pin ; Ringback Voltage on Rise at FPGA Pin ; Ringback Voltage on Fall at FPGA Pin ; 10-90 Rise Time at FPGA Pin ; 90-10 Fall Time at FPGA Pin ; Monotonic Rise at FPGA Pin ; Monotonic Fall at FPGA Pin ; Steady State Voh at Far-end ; Steady State Vol at Far-end ; Voh Max at Far-end ; Vol Min at Far-end ; Ringback Voltage on Rise at Far-end ; Ringback Voltage on Fall at Far-end ; 10-90 Rise Time at Far-end ; 90-10 Fall Time at Far-end ; Monotonic Rise at Far-end ; Monotonic Fall at Far-end ;
+---------------+--------------+---------------------+---------------------+------------------------------+------------------------------+---------------------+---------------------+--------------------------------------+--------------------------------------+-----------------------------+-----------------------------+----------------------------+----------------------------+-----------------------------+-----------------------------+--------------------+--------------------+-------------------------------------+-------------------------------------+----------------------------+----------------------------+---------------------------+---------------------------+
; h_sync        ; 3.3-V LVCMOS ; 0 s                 ; 0 s                 ; 3.08 V                       ; 2.52e-08 V                   ; 3.1 V               ; -0.0331 V           ; 0.122 V                              ; 0.234 V                              ; 7.05e-10 s                  ; 6.68e-10 s                  ; Yes                        ; Yes                        ; 3.08 V                      ; 2.52e-08 V                  ; 3.1 V              ; -0.0331 V          ; 0.122 V                             ; 0.234 V                             ; 7.05e-10 s                 ; 6.68e-10 s                 ; Yes                       ; Yes                       ;
; v_sync        ; 3.3-V LVCMOS ; 0 s                 ; 0 s                 ; 3.08 V                       ; 2.52e-08 V                   ; 3.1 V               ; -0.0331 V           ; 0.122 V                              ; 0.234 V                              ; 7.05e-10 s                  ; 6.68e-10 s                  ; Yes                        ; Yes                        ; 3.08 V                      ; 2.52e-08 V                  ; 3.1 V              ; -0.0331 V          ; 0.122 V                             ; 0.234 V                             ; 7.05e-10 s                 ; 6.68e-10 s                 ; Yes                       ; Yes                       ;
; blank_n       ; 3.3-V LVCMOS ; 0 s                 ; 0 s                 ; 3.08 V                       ; 2.52e-08 V                   ; 3.1 V               ; -0.0331 V           ; 0.122 V                              ; 0.234 V                              ; 7.05e-10 s                  ; 6.68e-10 s                  ; Yes                        ; Yes                        ; 3.08 V                      ; 2.52e-08 V                  ; 3.1 V              ; -0.0331 V          ; 0.122 V                             ; 0.234 V                             ; 7.05e-10 s                 ; 6.68e-10 s                 ; Yes                       ; Yes                       ;
; sync_n        ; 3.3-V LVCMOS ; 0 s                 ; 0 s                 ; 3.08 V                       ; 2.52e-08 V                   ; 3.1 V               ; -0.0331 V           ; 0.122 V                              ; 0.234 V                              ; 7.05e-10 s                  ; 6.68e-10 s                  ; Yes                        ; Yes                        ; 3.08 V                      ; 2.52e-08 V                  ; 3.1 V              ; -0.0331 V          ; 0.122 V                             ; 0.234 V                             ; 7.05e-10 s                 ; 6.68e-10 s                 ; Yes                       ; Yes                       ;
; vga_r[0]      ; 3.3-V LVCMOS ; 0 s                 ; 0 s                 ; 3.08 V                       ; 2.52e-08 V                   ; 3.1 V               ; -0.0331 V           ; 0.122 V                              ; 0.234 V                              ; 7.05e-10 s                  ; 6.68e-10 s                  ; Yes                        ; Yes                        ; 3.08 V                      ; 2.52e-08 V                  ; 3.1 V              ; -0.0331 V          ; 0.122 V                             ; 0.234 V                             ; 7.05e-10 s                 ; 6.68e-10 s                 ; Yes                       ; Yes                       ;
; vga_r[1]      ; 3.3-V LVCMOS ; 0 s                 ; 0 s                 ; 3.08 V                       ; 2.52e-08 V                   ; 3.1 V               ; -0.0331 V           ; 0.122 V                              ; 0.234 V                              ; 7.05e-10 s                  ; 6.68e-10 s                  ; Yes                        ; Yes                        ; 3.08 V                      ; 2.52e-08 V                  ; 3.1 V              ; -0.0331 V          ; 0.122 V                             ; 0.234 V                             ; 7.05e-10 s                 ; 6.68e-10 s                 ; Yes                       ; Yes                       ;
; vga_r[2]      ; 3.3-V LVCMOS ; 0 s                 ; 0 s                 ; 3.08 V                       ; 2.52e-08 V                   ; 3.1 V               ; -0.0331 V           ; 0.122 V                              ; 0.234 V                              ; 7.05e-10 s                  ; 6.68e-10 s                  ; Yes                        ; Yes                        ; 3.08 V                      ; 2.52e-08 V                  ; 3.1 V              ; -0.0331 V          ; 0.122 V                             ; 0.234 V                             ; 7.05e-10 s                 ; 6.68e-10 s                 ; Yes                       ; Yes                       ;
; vga_r[3]      ; 3.3-V LVCMOS ; 0 s                 ; 0 s                 ; 3.08 V                       ; 2.52e-08 V                   ; 3.1 V               ; -0.0331 V           ; 0.122 V                              ; 0.234 V                              ; 7.05e-10 s                  ; 6.68e-10 s                  ; Yes                        ; Yes                        ; 3.08 V                      ; 2.52e-08 V                  ; 3.1 V              ; -0.0331 V          ; 0.122 V                             ; 0.234 V                             ; 7.05e-10 s                 ; 6.68e-10 s                 ; Yes                       ; Yes                       ;
; vga_r[4]      ; 3.3-V LVCMOS ; 0 s                 ; 0 s                 ; 3.08 V                       ; 2.52e-08 V                   ; 3.1 V               ; -0.0331 V           ; 0.122 V                              ; 0.234 V                              ; 7.05e-10 s                  ; 6.68e-10 s                  ; Yes                        ; Yes                        ; 3.08 V                      ; 2.52e-08 V                  ; 3.1 V              ; -0.0331 V          ; 0.122 V                             ; 0.234 V                             ; 7.05e-10 s                 ; 6.68e-10 s                 ; Yes                       ; Yes                       ;
; vga_r[5]      ; 3.3-V LVCMOS ; 0 s                 ; 0 s                 ; 3.08 V                       ; 2.52e-08 V                   ; 3.1 V               ; -0.0331 V           ; 0.122 V                              ; 0.234 V                              ; 7.05e-10 s                  ; 6.68e-10 s                  ; Yes                        ; Yes                        ; 3.08 V                      ; 2.52e-08 V                  ; 3.1 V              ; -0.0331 V          ; 0.122 V                             ; 0.234 V                             ; 7.05e-10 s                 ; 6.68e-10 s                 ; Yes                       ; Yes                       ;
; vga_r[6]      ; 3.3-V LVCMOS ; 0 s                 ; 0 s                 ; 3.08 V                       ; 2.52e-08 V                   ; 3.1 V               ; -0.0331 V           ; 0.122 V                              ; 0.234 V                              ; 7.05e-10 s                  ; 6.68e-10 s                  ; Yes                        ; Yes                        ; 3.08 V                      ; 2.52e-08 V                  ; 3.1 V              ; -0.0331 V          ; 0.122 V                             ; 0.234 V                             ; 7.05e-10 s                 ; 6.68e-10 s                 ; Yes                       ; Yes                       ;
; vga_r[7]      ; 3.3-V LVCMOS ; 0 s                 ; 0 s                 ; 3.08 V                       ; 2.52e-08 V                   ; 3.1 V               ; -0.0331 V           ; 0.122 V                              ; 0.234 V                              ; 7.05e-10 s                  ; 6.68e-10 s                  ; Yes                        ; Yes                        ; 3.08 V                      ; 2.52e-08 V                  ; 3.1 V              ; -0.0331 V          ; 0.122 V                             ; 0.234 V                             ; 7.05e-10 s                 ; 6.68e-10 s                 ; Yes                       ; Yes                       ;
; vga_g[0]      ; 3.3-V LVCMOS ; 0 s                 ; 0 s                 ; 3.08 V                       ; 2.52e-08 V                   ; 3.1 V               ; -0.0331 V           ; 0.122 V                              ; 0.234 V                              ; 7.05e-10 s                  ; 6.68e-10 s                  ; Yes                        ; Yes                        ; 3.08 V                      ; 2.52e-08 V                  ; 3.1 V              ; -0.0331 V          ; 0.122 V                             ; 0.234 V                             ; 7.05e-10 s                 ; 6.68e-10 s                 ; Yes                       ; Yes                       ;
; vga_g[1]      ; 3.3-V LVCMOS ; 0 s                 ; 0 s                 ; 3.08 V                       ; 2.52e-08 V                   ; 3.1 V               ; -0.0331 V           ; 0.122 V                              ; 0.234 V                              ; 7.05e-10 s                  ; 6.68e-10 s                  ; Yes                        ; Yes                        ; 3.08 V                      ; 2.52e-08 V                  ; 3.1 V              ; -0.0331 V          ; 0.122 V                             ; 0.234 V                             ; 7.05e-10 s                 ; 6.68e-10 s                 ; Yes                       ; Yes                       ;
; vga_g[2]      ; 3.3-V LVCMOS ; 0 s                 ; 0 s                 ; 3.08 V                       ; 2.52e-08 V                   ; 3.1 V               ; -0.0331 V           ; 0.122 V                              ; 0.234 V                              ; 7.05e-10 s                  ; 6.68e-10 s                  ; Yes                        ; Yes                        ; 3.08 V                      ; 2.52e-08 V                  ; 3.1 V              ; -0.0331 V          ; 0.122 V                             ; 0.234 V                             ; 7.05e-10 s                 ; 6.68e-10 s                 ; Yes                       ; Yes                       ;
; vga_g[3]      ; 3.3-V LVCMOS ; 0 s                 ; 0 s                 ; 3.08 V                       ; 2.52e-08 V                   ; 3.1 V               ; -0.0331 V           ; 0.122 V                              ; 0.234 V                              ; 7.05e-10 s                  ; 6.68e-10 s                  ; Yes                        ; Yes                        ; 3.08 V                      ; 2.52e-08 V                  ; 3.1 V              ; -0.0331 V          ; 0.122 V                             ; 0.234 V                             ; 7.05e-10 s                 ; 6.68e-10 s                 ; Yes                       ; Yes                       ;
; vga_g[4]      ; 3.3-V LVCMOS ; 0 s                 ; 0 s                 ; 3.08 V                       ; 2.52e-08 V                   ; 3.1 V               ; -0.0331 V           ; 0.122 V                              ; 0.234 V                              ; 7.05e-10 s                  ; 6.68e-10 s                  ; Yes                        ; Yes                        ; 3.08 V                      ; 2.52e-08 V                  ; 3.1 V              ; -0.0331 V          ; 0.122 V                             ; 0.234 V                             ; 7.05e-10 s                 ; 6.68e-10 s                 ; Yes                       ; Yes                       ;
; vga_g[5]      ; 3.3-V LVCMOS ; 0 s                 ; 0 s                 ; 3.08 V                       ; 2.52e-08 V                   ; 3.1 V               ; -0.0331 V           ; 0.122 V                              ; 0.234 V                              ; 7.05e-10 s                  ; 6.68e-10 s                  ; Yes                        ; Yes                        ; 3.08 V                      ; 2.52e-08 V                  ; 3.1 V              ; -0.0331 V          ; 0.122 V                             ; 0.234 V                             ; 7.05e-10 s                 ; 6.68e-10 s                 ; Yes                       ; Yes                       ;
; vga_g[6]      ; 3.3-V LVCMOS ; 0 s                 ; 0 s                 ; 3.08 V                       ; 2.52e-08 V                   ; 3.1 V               ; -0.0331 V           ; 0.122 V                              ; 0.234 V                              ; 7.05e-10 s                  ; 6.68e-10 s                  ; Yes                        ; Yes                        ; 3.08 V                      ; 2.52e-08 V                  ; 3.1 V              ; -0.0331 V          ; 0.122 V                             ; 0.234 V                             ; 7.05e-10 s                 ; 6.68e-10 s                 ; Yes                       ; Yes                       ;
; vga_g[7]      ; 3.3-V LVCMOS ; 0 s                 ; 0 s                 ; 3.08 V                       ; 2.52e-08 V                   ; 3.1 V               ; -0.0331 V           ; 0.122 V                              ; 0.234 V                              ; 7.05e-10 s                  ; 6.68e-10 s                  ; Yes                        ; Yes                        ; 3.08 V                      ; 2.52e-08 V                  ; 3.1 V              ; -0.0331 V          ; 0.122 V                             ; 0.234 V                             ; 7.05e-10 s                 ; 6.68e-10 s                 ; Yes                       ; Yes                       ;
; vga_b[0]      ; 3.3-V LVCMOS ; 0 s                 ; 0 s                 ; 3.08 V                       ; 2.52e-08 V                   ; 3.1 V               ; -0.0331 V           ; 0.122 V                              ; 0.234 V                              ; 7.05e-10 s                  ; 6.68e-10 s                  ; Yes                        ; Yes                        ; 3.08 V                      ; 2.52e-08 V                  ; 3.1 V              ; -0.0331 V          ; 0.122 V                             ; 0.234 V                             ; 7.05e-10 s                 ; 6.68e-10 s                 ; Yes                       ; Yes                       ;
; vga_b[1]      ; 3.3-V LVCMOS ; 0 s                 ; 0 s                 ; 3.08 V                       ; 2.52e-08 V                   ; 3.1 V               ; -0.0331 V           ; 0.122 V                              ; 0.234 V                              ; 7.05e-10 s                  ; 6.68e-10 s                  ; Yes                        ; Yes                        ; 3.08 V                      ; 2.52e-08 V                  ; 3.1 V              ; -0.0331 V          ; 0.122 V                             ; 0.234 V                             ; 7.05e-10 s                 ; 6.68e-10 s                 ; Yes                       ; Yes                       ;
; vga_b[2]      ; 3.3-V LVCMOS ; 0 s                 ; 0 s                 ; 3.08 V                       ; 2.52e-08 V                   ; 3.1 V               ; -0.0331 V           ; 0.122 V                              ; 0.234 V                              ; 7.05e-10 s                  ; 6.68e-10 s                  ; Yes                        ; Yes                        ; 3.08 V                      ; 2.52e-08 V                  ; 3.1 V              ; -0.0331 V          ; 0.122 V                             ; 0.234 V                             ; 7.05e-10 s                 ; 6.68e-10 s                 ; Yes                       ; Yes                       ;
; vga_b[3]      ; 3.3-V LVCMOS ; 0 s                 ; 0 s                 ; 3.08 V                       ; 2.52e-08 V                   ; 3.1 V               ; -0.0331 V           ; 0.122 V                              ; 0.234 V                              ; 7.05e-10 s                  ; 6.68e-10 s                  ; Yes                        ; Yes                        ; 3.08 V                      ; 2.52e-08 V                  ; 3.1 V              ; -0.0331 V          ; 0.122 V                             ; 0.234 V                             ; 7.05e-10 s                 ; 6.68e-10 s                 ; Yes                       ; Yes                       ;
; vga_b[4]      ; 3.3-V LVCMOS ; 0 s                 ; 0 s                 ; 3.08 V                       ; 2.52e-08 V                   ; 3.1 V               ; -0.0331 V           ; 0.122 V                              ; 0.234 V                              ; 7.05e-10 s                  ; 6.68e-10 s                  ; Yes                        ; Yes                        ; 3.08 V                      ; 2.52e-08 V                  ; 3.1 V              ; -0.0331 V          ; 0.122 V                             ; 0.234 V                             ; 7.05e-10 s                 ; 6.68e-10 s                 ; Yes                       ; Yes                       ;
; vga_b[5]      ; 3.3-V LVCMOS ; 0 s                 ; 0 s                 ; 3.08 V                       ; 2.52e-08 V                   ; 3.1 V               ; -0.0331 V           ; 0.122 V                              ; 0.234 V                              ; 7.05e-10 s                  ; 6.68e-10 s                  ; Yes                        ; Yes                        ; 3.08 V                      ; 2.52e-08 V                  ; 3.1 V              ; -0.0331 V          ; 0.122 V                             ; 0.234 V                             ; 7.05e-10 s                 ; 6.68e-10 s                 ; Yes                       ; Yes                       ;
; vga_b[6]      ; 3.3-V LVCMOS ; 0 s                 ; 0 s                 ; 3.08 V                       ; 2.52e-08 V                   ; 3.1 V               ; -0.0331 V           ; 0.122 V                              ; 0.234 V                              ; 7.05e-10 s                  ; 6.68e-10 s                  ; Yes                        ; Yes                        ; 3.08 V                      ; 2.52e-08 V                  ; 3.1 V              ; -0.0331 V          ; 0.122 V                             ; 0.234 V                             ; 7.05e-10 s                 ; 6.68e-10 s                 ; Yes                       ; Yes                       ;
; vga_b[7]      ; 3.3-V LVCMOS ; 0 s                 ; 0 s                 ; 3.08 V                       ; 2.52e-08 V                   ; 3.1 V               ; -0.0331 V           ; 0.122 V                              ; 0.234 V                              ; 7.05e-10 s                  ; 6.68e-10 s                  ; Yes                        ; Yes                        ; 3.08 V                      ; 2.52e-08 V                  ; 3.1 V              ; -0.0331 V          ; 0.122 V                             ; 0.234 V                             ; 7.05e-10 s                 ; 6.68e-10 s                 ; Yes                       ; Yes                       ;
; ~ALTERA_DCLK~ ; 2.5 V        ; 0 s                 ; 0 s                 ; 2.32 V                       ; 2.67e-09 V                   ; 2.38 V              ; -0.0485 V           ; 0.167 V                              ; 0.096 V                              ; 2.95e-10 s                  ; 2.73e-10 s                  ; Yes                        ; Yes                        ; 2.32 V                      ; 2.67e-09 V                  ; 2.38 V             ; -0.0485 V          ; 0.167 V                             ; 0.096 V                             ; 2.95e-10 s                 ; 2.73e-10 s                 ; Yes                       ; Yes                       ;
; ~ALTERA_nCEO~ ; 3.3-V LVTTL  ; 0 s                 ; 0 s                 ; 3.08 V                       ; 1.11e-08 V                   ; 3.13 V              ; -0.0798 V           ; 0.192 V                              ; 0.22 V                               ; 8.68e-10 s                  ; 6.46e-10 s                  ; No                         ; No                         ; 3.08 V                      ; 1.11e-08 V                  ; 3.13 V             ; -0.0798 V          ; 0.192 V                             ; 0.22 V                              ; 8.68e-10 s                 ; 6.46e-10 s                 ; No                        ; No                        ;
+---------------+--------------+---------------------+---------------------+------------------------------+------------------------------+---------------------+---------------------+--------------------------------------+--------------------------------------+-----------------------------+-----------------------------+----------------------------+----------------------------+-----------------------------+-----------------------------+--------------------+--------------------+-------------------------------------+-------------------------------------+----------------------------+----------------------------+---------------------------+---------------------------+


+--------------------------------------------------------------------------------------------------------------------------------------------------------------------------------------------------------------------------------------------------------------------------------------------------------------------------------------------------------------------------------------------------------------------------------------------------------------------------------------------------------------------------------------------------------------------------------------------------------------------------------------------------------------------------------------------+
; Signal Integrity Metrics (Slow 1200mv 85c Model)                                                                                                                                                                                                                                                                                                                                                                                                                                                                                                                                                                                                                                           ;
+---------------+--------------+---------------------+---------------------+------------------------------+------------------------------+---------------------+---------------------+--------------------------------------+--------------------------------------+-----------------------------+-----------------------------+----------------------------+----------------------------+-----------------------------+-----------------------------+--------------------+--------------------+-------------------------------------+-------------------------------------+----------------------------+----------------------------+---------------------------+---------------------------+
; Pin           ; I/O Standard ; Board Delay on Rise ; Board Delay on Fall ; Steady State Voh at FPGA Pin ; Steady State Vol at FPGA Pin ; Voh Max at FPGA Pin ; Vol Min at FPGA Pin ; Ringback Voltage on Rise at FPGA Pin ; Ringback Voltage on Fall at FPGA Pin ; 10-90 Rise Time at FPGA Pin ; 90-10 Fall Time at FPGA Pin ; Monotonic Rise at FPGA Pin ; Monotonic Fall at FPGA Pin ; Steady State Voh at Far-end ; Steady State Vol at Far-end ; Voh Max at Far-end ; Vol Min at Far-end ; Ringback Voltage on Rise at Far-end ; Ringback Voltage on Fall at Far-end ; 10-90 Rise Time at Far-end ; 90-10 Fall Time at Far-end ; Monotonic Rise at Far-end ; Monotonic Fall at Far-end ;
+---------------+--------------+---------------------+---------------------+------------------------------+------------------------------+---------------------+---------------------+--------------------------------------+--------------------------------------+-----------------------------+-----------------------------+----------------------------+----------------------------+-----------------------------+-----------------------------+--------------------+--------------------+-------------------------------------+-------------------------------------+----------------------------+----------------------------+---------------------------+---------------------------+
; h_sync        ; 3.3-V LVCMOS ; 0 s                 ; 0 s                 ; 3.08 V                       ; 3.03e-06 V                   ; 3.09 V              ; -0.0153 V           ; 0.06 V                               ; 0.116 V                              ; 8.84e-10 s                  ; 8.65e-10 s                  ; Yes                        ; Yes                        ; 3.08 V                      ; 3.03e-06 V                  ; 3.09 V             ; -0.0153 V          ; 0.06 V                              ; 0.116 V                             ; 8.84e-10 s                 ; 8.65e-10 s                 ; Yes                       ; Yes                       ;
; v_sync        ; 3.3-V LVCMOS ; 0 s                 ; 0 s                 ; 3.08 V                       ; 3.03e-06 V                   ; 3.09 V              ; -0.0153 V           ; 0.06 V                               ; 0.116 V                              ; 8.84e-10 s                  ; 8.65e-10 s                  ; Yes                        ; Yes                        ; 3.08 V                      ; 3.03e-06 V                  ; 3.09 V             ; -0.0153 V          ; 0.06 V                              ; 0.116 V                             ; 8.84e-10 s                 ; 8.65e-10 s                 ; Yes                       ; Yes                       ;
; blank_n       ; 3.3-V LVCMOS ; 0 s                 ; 0 s                 ; 3.08 V                       ; 3.03e-06 V                   ; 3.09 V              ; -0.0153 V           ; 0.06 V                               ; 0.116 V                              ; 8.84e-10 s                  ; 8.65e-10 s                  ; Yes                        ; Yes                        ; 3.08 V                      ; 3.03e-06 V                  ; 3.09 V             ; -0.0153 V          ; 0.06 V                              ; 0.116 V                             ; 8.84e-10 s                 ; 8.65e-10 s                 ; Yes                       ; Yes                       ;
; sync_n        ; 3.3-V LVCMOS ; 0 s                 ; 0 s                 ; 3.08 V                       ; 3.03e-06 V                   ; 3.09 V              ; -0.0153 V           ; 0.06 V                               ; 0.116 V                              ; 8.84e-10 s                  ; 8.65e-10 s                  ; Yes                        ; Yes                        ; 3.08 V                      ; 3.03e-06 V                  ; 3.09 V             ; -0.0153 V          ; 0.06 V                              ; 0.116 V                             ; 8.84e-10 s                 ; 8.65e-10 s                 ; Yes                       ; Yes                       ;
; vga_r[0]      ; 3.3-V LVCMOS ; 0 s                 ; 0 s                 ; 3.08 V                       ; 3.03e-06 V                   ; 3.09 V              ; -0.0153 V           ; 0.06 V                               ; 0.116 V                              ; 8.84e-10 s                  ; 8.65e-10 s                  ; Yes                        ; Yes                        ; 3.08 V                      ; 3.03e-06 V                  ; 3.09 V             ; -0.0153 V          ; 0.06 V                              ; 0.116 V                             ; 8.84e-10 s                 ; 8.65e-10 s                 ; Yes                       ; Yes                       ;
; vga_r[1]      ; 3.3-V LVCMOS ; 0 s                 ; 0 s                 ; 3.08 V                       ; 3.03e-06 V                   ; 3.09 V              ; -0.0153 V           ; 0.06 V                               ; 0.116 V                              ; 8.84e-10 s                  ; 8.65e-10 s                  ; Yes                        ; Yes                        ; 3.08 V                      ; 3.03e-06 V                  ; 3.09 V             ; -0.0153 V          ; 0.06 V                              ; 0.116 V                             ; 8.84e-10 s                 ; 8.65e-10 s                 ; Yes                       ; Yes                       ;
; vga_r[2]      ; 3.3-V LVCMOS ; 0 s                 ; 0 s                 ; 3.08 V                       ; 3.03e-06 V                   ; 3.09 V              ; -0.0153 V           ; 0.06 V                               ; 0.116 V                              ; 8.84e-10 s                  ; 8.65e-10 s                  ; Yes                        ; Yes                        ; 3.08 V                      ; 3.03e-06 V                  ; 3.09 V             ; -0.0153 V          ; 0.06 V                              ; 0.116 V                             ; 8.84e-10 s                 ; 8.65e-10 s                 ; Yes                       ; Yes                       ;
; vga_r[3]      ; 3.3-V LVCMOS ; 0 s                 ; 0 s                 ; 3.08 V                       ; 3.03e-06 V                   ; 3.09 V              ; -0.0153 V           ; 0.06 V                               ; 0.116 V                              ; 8.84e-10 s                  ; 8.65e-10 s                  ; Yes                        ; Yes                        ; 3.08 V                      ; 3.03e-06 V                  ; 3.09 V             ; -0.0153 V          ; 0.06 V                              ; 0.116 V                             ; 8.84e-10 s                 ; 8.65e-10 s                 ; Yes                       ; Yes                       ;
; vga_r[4]      ; 3.3-V LVCMOS ; 0 s                 ; 0 s                 ; 3.08 V                       ; 3.03e-06 V                   ; 3.09 V              ; -0.0153 V           ; 0.06 V                               ; 0.116 V                              ; 8.84e-10 s                  ; 8.65e-10 s                  ; Yes                        ; Yes                        ; 3.08 V                      ; 3.03e-06 V                  ; 3.09 V             ; -0.0153 V          ; 0.06 V                              ; 0.116 V                             ; 8.84e-10 s                 ; 8.65e-10 s                 ; Yes                       ; Yes                       ;
; vga_r[5]      ; 3.3-V LVCMOS ; 0 s                 ; 0 s                 ; 3.08 V                       ; 3.03e-06 V                   ; 3.09 V              ; -0.0153 V           ; 0.06 V                               ; 0.116 V                              ; 8.84e-10 s                  ; 8.65e-10 s                  ; Yes                        ; Yes                        ; 3.08 V                      ; 3.03e-06 V                  ; 3.09 V             ; -0.0153 V          ; 0.06 V                              ; 0.116 V                             ; 8.84e-10 s                 ; 8.65e-10 s                 ; Yes                       ; Yes                       ;
; vga_r[6]      ; 3.3-V LVCMOS ; 0 s                 ; 0 s                 ; 3.08 V                       ; 3.03e-06 V                   ; 3.09 V              ; -0.0153 V           ; 0.06 V                               ; 0.116 V                              ; 8.84e-10 s                  ; 8.65e-10 s                  ; Yes                        ; Yes                        ; 3.08 V                      ; 3.03e-06 V                  ; 3.09 V             ; -0.0153 V          ; 0.06 V                              ; 0.116 V                             ; 8.84e-10 s                 ; 8.65e-10 s                 ; Yes                       ; Yes                       ;
; vga_r[7]      ; 3.3-V LVCMOS ; 0 s                 ; 0 s                 ; 3.08 V                       ; 3.03e-06 V                   ; 3.09 V              ; -0.0153 V           ; 0.06 V                               ; 0.116 V                              ; 8.84e-10 s                  ; 8.65e-10 s                  ; Yes                        ; Yes                        ; 3.08 V                      ; 3.03e-06 V                  ; 3.09 V             ; -0.0153 V          ; 0.06 V                              ; 0.116 V                             ; 8.84e-10 s                 ; 8.65e-10 s                 ; Yes                       ; Yes                       ;
; vga_g[0]      ; 3.3-V LVCMOS ; 0 s                 ; 0 s                 ; 3.08 V                       ; 3.03e-06 V                   ; 3.09 V              ; -0.0153 V           ; 0.06 V                               ; 0.116 V                              ; 8.84e-10 s                  ; 8.65e-10 s                  ; Yes                        ; Yes                        ; 3.08 V                      ; 3.03e-06 V                  ; 3.09 V             ; -0.0153 V          ; 0.06 V                              ; 0.116 V                             ; 8.84e-10 s                 ; 8.65e-10 s                 ; Yes                       ; Yes                       ;
; vga_g[1]      ; 3.3-V LVCMOS ; 0 s                 ; 0 s                 ; 3.08 V                       ; 3.03e-06 V                   ; 3.09 V              ; -0.0153 V           ; 0.06 V                               ; 0.116 V                              ; 8.84e-10 s                  ; 8.65e-10 s                  ; Yes                        ; Yes                        ; 3.08 V                      ; 3.03e-06 V                  ; 3.09 V             ; -0.0153 V          ; 0.06 V                              ; 0.116 V                             ; 8.84e-10 s                 ; 8.65e-10 s                 ; Yes                       ; Yes                       ;
; vga_g[2]      ; 3.3-V LVCMOS ; 0 s                 ; 0 s                 ; 3.08 V                       ; 3.03e-06 V                   ; 3.09 V              ; -0.0153 V           ; 0.06 V                               ; 0.116 V                              ; 8.84e-10 s                  ; 8.65e-10 s                  ; Yes                        ; Yes                        ; 3.08 V                      ; 3.03e-06 V                  ; 3.09 V             ; -0.0153 V          ; 0.06 V                              ; 0.116 V                             ; 8.84e-10 s                 ; 8.65e-10 s                 ; Yes                       ; Yes                       ;
; vga_g[3]      ; 3.3-V LVCMOS ; 0 s                 ; 0 s                 ; 3.08 V                       ; 3.03e-06 V                   ; 3.09 V              ; -0.0153 V           ; 0.06 V                               ; 0.116 V                              ; 8.84e-10 s                  ; 8.65e-10 s                  ; Yes                        ; Yes                        ; 3.08 V                      ; 3.03e-06 V                  ; 3.09 V             ; -0.0153 V          ; 0.06 V                              ; 0.116 V                             ; 8.84e-10 s                 ; 8.65e-10 s                 ; Yes                       ; Yes                       ;
; vga_g[4]      ; 3.3-V LVCMOS ; 0 s                 ; 0 s                 ; 3.08 V                       ; 3.03e-06 V                   ; 3.09 V              ; -0.0153 V           ; 0.06 V                               ; 0.116 V                              ; 8.84e-10 s                  ; 8.65e-10 s                  ; Yes                        ; Yes                        ; 3.08 V                      ; 3.03e-06 V                  ; 3.09 V             ; -0.0153 V          ; 0.06 V                              ; 0.116 V                             ; 8.84e-10 s                 ; 8.65e-10 s                 ; Yes                       ; Yes                       ;
; vga_g[5]      ; 3.3-V LVCMOS ; 0 s                 ; 0 s                 ; 3.08 V                       ; 3.03e-06 V                   ; 3.09 V              ; -0.0153 V           ; 0.06 V                               ; 0.116 V                              ; 8.84e-10 s                  ; 8.65e-10 s                  ; Yes                        ; Yes                        ; 3.08 V                      ; 3.03e-06 V                  ; 3.09 V             ; -0.0153 V          ; 0.06 V                              ; 0.116 V                             ; 8.84e-10 s                 ; 8.65e-10 s                 ; Yes                       ; Yes                       ;
; vga_g[6]      ; 3.3-V LVCMOS ; 0 s                 ; 0 s                 ; 3.08 V                       ; 3.03e-06 V                   ; 3.09 V              ; -0.0153 V           ; 0.06 V                               ; 0.116 V                              ; 8.84e-10 s                  ; 8.65e-10 s                  ; Yes                        ; Yes                        ; 3.08 V                      ; 3.03e-06 V                  ; 3.09 V             ; -0.0153 V          ; 0.06 V                              ; 0.116 V                             ; 8.84e-10 s                 ; 8.65e-10 s                 ; Yes                       ; Yes                       ;
; vga_g[7]      ; 3.3-V LVCMOS ; 0 s                 ; 0 s                 ; 3.08 V                       ; 3.03e-06 V                   ; 3.09 V              ; -0.0153 V           ; 0.06 V                               ; 0.116 V                              ; 8.84e-10 s                  ; 8.65e-10 s                  ; Yes                        ; Yes                        ; 3.08 V                      ; 3.03e-06 V                  ; 3.09 V             ; -0.0153 V          ; 0.06 V                              ; 0.116 V                             ; 8.84e-10 s                 ; 8.65e-10 s                 ; Yes                       ; Yes                       ;
; vga_b[0]      ; 3.3-V LVCMOS ; 0 s                 ; 0 s                 ; 3.08 V                       ; 3.03e-06 V                   ; 3.09 V              ; -0.0153 V           ; 0.06 V                               ; 0.116 V                              ; 8.84e-10 s                  ; 8.65e-10 s                  ; Yes                        ; Yes                        ; 3.08 V                      ; 3.03e-06 V                  ; 3.09 V             ; -0.0153 V          ; 0.06 V                              ; 0.116 V                             ; 8.84e-10 s                 ; 8.65e-10 s                 ; Yes                       ; Yes                       ;
; vga_b[1]      ; 3.3-V LVCMOS ; 0 s                 ; 0 s                 ; 3.08 V                       ; 3.03e-06 V                   ; 3.09 V              ; -0.0153 V           ; 0.06 V                               ; 0.116 V                              ; 8.84e-10 s                  ; 8.65e-10 s                  ; Yes                        ; Yes                        ; 3.08 V                      ; 3.03e-06 V                  ; 3.09 V             ; -0.0153 V          ; 0.06 V                              ; 0.116 V                             ; 8.84e-10 s                 ; 8.65e-10 s                 ; Yes                       ; Yes                       ;
; vga_b[2]      ; 3.3-V LVCMOS ; 0 s                 ; 0 s                 ; 3.08 V                       ; 3.03e-06 V                   ; 3.09 V              ; -0.0153 V           ; 0.06 V                               ; 0.116 V                              ; 8.84e-10 s                  ; 8.65e-10 s                  ; Yes                        ; Yes                        ; 3.08 V                      ; 3.03e-06 V                  ; 3.09 V             ; -0.0153 V          ; 0.06 V                              ; 0.116 V                             ; 8.84e-10 s                 ; 8.65e-10 s                 ; Yes                       ; Yes                       ;
; vga_b[3]      ; 3.3-V LVCMOS ; 0 s                 ; 0 s                 ; 3.08 V                       ; 3.03e-06 V                   ; 3.09 V              ; -0.0153 V           ; 0.06 V                               ; 0.116 V                              ; 8.84e-10 s                  ; 8.65e-10 s                  ; Yes                        ; Yes                        ; 3.08 V                      ; 3.03e-06 V                  ; 3.09 V             ; -0.0153 V          ; 0.06 V                              ; 0.116 V                             ; 8.84e-10 s                 ; 8.65e-10 s                 ; Yes                       ; Yes                       ;
; vga_b[4]      ; 3.3-V LVCMOS ; 0 s                 ; 0 s                 ; 3.08 V                       ; 3.03e-06 V                   ; 3.09 V              ; -0.0153 V           ; 0.06 V                               ; 0.116 V                              ; 8.84e-10 s                  ; 8.65e-10 s                  ; Yes                        ; Yes                        ; 3.08 V                      ; 3.03e-06 V                  ; 3.09 V             ; -0.0153 V          ; 0.06 V                              ; 0.116 V                             ; 8.84e-10 s                 ; 8.65e-10 s                 ; Yes                       ; Yes                       ;
; vga_b[5]      ; 3.3-V LVCMOS ; 0 s                 ; 0 s                 ; 3.08 V                       ; 3.03e-06 V                   ; 3.09 V              ; -0.0153 V           ; 0.06 V                               ; 0.116 V                              ; 8.84e-10 s                  ; 8.65e-10 s                  ; Yes                        ; Yes                        ; 3.08 V                      ; 3.03e-06 V                  ; 3.09 V             ; -0.0153 V          ; 0.06 V                              ; 0.116 V                             ; 8.84e-10 s                 ; 8.65e-10 s                 ; Yes                       ; Yes                       ;
; vga_b[6]      ; 3.3-V LVCMOS ; 0 s                 ; 0 s                 ; 3.08 V                       ; 3.03e-06 V                   ; 3.09 V              ; -0.0153 V           ; 0.06 V                               ; 0.116 V                              ; 8.84e-10 s                  ; 8.65e-10 s                  ; Yes                        ; Yes                        ; 3.08 V                      ; 3.03e-06 V                  ; 3.09 V             ; -0.0153 V          ; 0.06 V                              ; 0.116 V                             ; 8.84e-10 s                 ; 8.65e-10 s                 ; Yes                       ; Yes                       ;
; vga_b[7]      ; 3.3-V LVCMOS ; 0 s                 ; 0 s                 ; 3.08 V                       ; 3.03e-06 V                   ; 3.09 V              ; -0.0153 V           ; 0.06 V                               ; 0.116 V                              ; 8.84e-10 s                  ; 8.65e-10 s                  ; Yes                        ; Yes                        ; 3.08 V                      ; 3.03e-06 V                  ; 3.09 V             ; -0.0153 V          ; 0.06 V                              ; 0.116 V                             ; 8.84e-10 s                 ; 8.65e-10 s                 ; Yes                       ; Yes                       ;
; ~ALTERA_DCLK~ ; 2.5 V        ; 0 s                 ; 0 s                 ; 2.32 V                       ; 3.75e-07 V                   ; 2.35 V              ; -0.0109 V           ; 0.084 V                              ; 0.027 V                              ; 4.31e-10 s                  ; 3.61e-10 s                  ; Yes                        ; Yes                        ; 2.32 V                      ; 3.75e-07 V                  ; 2.35 V             ; -0.0109 V          ; 0.084 V                             ; 0.027 V                             ; 4.31e-10 s                 ; 3.61e-10 s                 ; Yes                       ; Yes                       ;
; ~ALTERA_nCEO~ ; 3.3-V LVTTL  ; 0 s                 ; 0 s                 ; 3.08 V                       ; 1.28e-06 V                   ; 3.11 V              ; -0.0528 V           ; 0.302 V                              ; 0.199 V                              ; 9.51e-10 s                  ; 8.47e-10 s                  ; Yes                        ; No                         ; 3.08 V                      ; 1.28e-06 V                  ; 3.11 V             ; -0.0528 V          ; 0.302 V                             ; 0.199 V                             ; 9.51e-10 s                 ; 8.47e-10 s                 ; Yes                       ; No                        ;
+---------------+--------------+---------------------+---------------------+------------------------------+------------------------------+---------------------+---------------------+--------------------------------------+--------------------------------------+-----------------------------+-----------------------------+----------------------------+----------------------------+-----------------------------+-----------------------------+--------------------+--------------------+-------------------------------------+-------------------------------------+----------------------------+----------------------------+---------------------------+---------------------------+


+--------------------------------------------------------------------------------------------------------------------------------------------------------------------------------------------------------------------------------------------------------------------------------------------------------------------------------------------------------------------------------------------------------------------------------------------------------------------------------------------------------------------------------------------------------------------------------------------------------------------------------------------------------------------------------------------+
; Signal Integrity Metrics (Fast 1200mv 0c Model)                                                                                                                                                                                                                                                                                                                                                                                                                                                                                                                                                                                                                                            ;
+---------------+--------------+---------------------+---------------------+------------------------------+------------------------------+---------------------+---------------------+--------------------------------------+--------------------------------------+-----------------------------+-----------------------------+----------------------------+----------------------------+-----------------------------+-----------------------------+--------------------+--------------------+-------------------------------------+-------------------------------------+----------------------------+----------------------------+---------------------------+---------------------------+
; Pin           ; I/O Standard ; Board Delay on Rise ; Board Delay on Fall ; Steady State Voh at FPGA Pin ; Steady State Vol at FPGA Pin ; Voh Max at FPGA Pin ; Vol Min at FPGA Pin ; Ringback Voltage on Rise at FPGA Pin ; Ringback Voltage on Fall at FPGA Pin ; 10-90 Rise Time at FPGA Pin ; 90-10 Fall Time at FPGA Pin ; Monotonic Rise at FPGA Pin ; Monotonic Fall at FPGA Pin ; Steady State Voh at Far-end ; Steady State Vol at Far-end ; Voh Max at Far-end ; Vol Min at Far-end ; Ringback Voltage on Rise at Far-end ; Ringback Voltage on Fall at Far-end ; 10-90 Rise Time at Far-end ; 90-10 Fall Time at Far-end ; Monotonic Rise at Far-end ; Monotonic Fall at Far-end ;
+---------------+--------------+---------------------+---------------------+------------------------------+------------------------------+---------------------+---------------------+--------------------------------------+--------------------------------------+-----------------------------+-----------------------------+----------------------------+----------------------------+-----------------------------+-----------------------------+--------------------+--------------------+-------------------------------------+-------------------------------------+----------------------------+----------------------------+---------------------------+---------------------------+
; h_sync        ; 3.3-V LVCMOS ; 0 s                 ; 0 s                 ; 3.46 V                       ; 2.95e-07 V                   ; 3.52 V              ; -0.0582 V           ; 0.201 V                              ; 0.186 V                              ; 6.35e-10 s                  ; 6.31e-10 s                  ; No                         ; No                         ; 3.46 V                      ; 2.95e-07 V                  ; 3.52 V             ; -0.0582 V          ; 0.201 V                             ; 0.186 V                             ; 6.35e-10 s                 ; 6.31e-10 s                 ; No                        ; No                        ;
; v_sync        ; 3.3-V LVCMOS ; 0 s                 ; 0 s                 ; 3.46 V                       ; 2.95e-07 V                   ; 3.52 V              ; -0.0582 V           ; 0.201 V                              ; 0.186 V                              ; 6.35e-10 s                  ; 6.31e-10 s                  ; No                         ; No                         ; 3.46 V                      ; 2.95e-07 V                  ; 3.52 V             ; -0.0582 V          ; 0.201 V                             ; 0.186 V                             ; 6.35e-10 s                 ; 6.31e-10 s                 ; No                        ; No                        ;
; blank_n       ; 3.3-V LVCMOS ; 0 s                 ; 0 s                 ; 3.46 V                       ; 2.95e-07 V                   ; 3.52 V              ; -0.0582 V           ; 0.201 V                              ; 0.186 V                              ; 6.35e-10 s                  ; 6.31e-10 s                  ; No                         ; No                         ; 3.46 V                      ; 2.95e-07 V                  ; 3.52 V             ; -0.0582 V          ; 0.201 V                             ; 0.186 V                             ; 6.35e-10 s                 ; 6.31e-10 s                 ; No                        ; No                        ;
; sync_n        ; 3.3-V LVCMOS ; 0 s                 ; 0 s                 ; 3.46 V                       ; 2.95e-07 V                   ; 3.52 V              ; -0.0582 V           ; 0.201 V                              ; 0.186 V                              ; 6.35e-10 s                  ; 6.31e-10 s                  ; No                         ; No                         ; 3.46 V                      ; 2.95e-07 V                  ; 3.52 V             ; -0.0582 V          ; 0.201 V                             ; 0.186 V                             ; 6.35e-10 s                 ; 6.31e-10 s                 ; No                        ; No                        ;
; vga_r[0]      ; 3.3-V LVCMOS ; 0 s                 ; 0 s                 ; 3.46 V                       ; 2.95e-07 V                   ; 3.52 V              ; -0.0582 V           ; 0.201 V                              ; 0.186 V                              ; 6.35e-10 s                  ; 6.31e-10 s                  ; No                         ; No                         ; 3.46 V                      ; 2.95e-07 V                  ; 3.52 V             ; -0.0582 V          ; 0.201 V                             ; 0.186 V                             ; 6.35e-10 s                 ; 6.31e-10 s                 ; No                        ; No                        ;
; vga_r[1]      ; 3.3-V LVCMOS ; 0 s                 ; 0 s                 ; 3.46 V                       ; 2.95e-07 V                   ; 3.52 V              ; -0.0582 V           ; 0.201 V                              ; 0.186 V                              ; 6.35e-10 s                  ; 6.31e-10 s                  ; No                         ; No                         ; 3.46 V                      ; 2.95e-07 V                  ; 3.52 V             ; -0.0582 V          ; 0.201 V                             ; 0.186 V                             ; 6.35e-10 s                 ; 6.31e-10 s                 ; No                        ; No                        ;
; vga_r[2]      ; 3.3-V LVCMOS ; 0 s                 ; 0 s                 ; 3.46 V                       ; 2.95e-07 V                   ; 3.52 V              ; -0.0582 V           ; 0.201 V                              ; 0.186 V                              ; 6.35e-10 s                  ; 6.31e-10 s                  ; No                         ; No                         ; 3.46 V                      ; 2.95e-07 V                  ; 3.52 V             ; -0.0582 V          ; 0.201 V                             ; 0.186 V                             ; 6.35e-10 s                 ; 6.31e-10 s                 ; No                        ; No                        ;
; vga_r[3]      ; 3.3-V LVCMOS ; 0 s                 ; 0 s                 ; 3.46 V                       ; 2.95e-07 V                   ; 3.52 V              ; -0.0582 V           ; 0.201 V                              ; 0.186 V                              ; 6.35e-10 s                  ; 6.31e-10 s                  ; No                         ; No                         ; 3.46 V                      ; 2.95e-07 V                  ; 3.52 V             ; -0.0582 V          ; 0.201 V                             ; 0.186 V                             ; 6.35e-10 s                 ; 6.31e-10 s                 ; No                        ; No                        ;
; vga_r[4]      ; 3.3-V LVCMOS ; 0 s                 ; 0 s                 ; 3.46 V                       ; 2.95e-07 V                   ; 3.52 V              ; -0.0582 V           ; 0.201 V                              ; 0.186 V                              ; 6.35e-10 s                  ; 6.31e-10 s                  ; No                         ; No                         ; 3.46 V                      ; 2.95e-07 V                  ; 3.52 V             ; -0.0582 V          ; 0.201 V                             ; 0.186 V                             ; 6.35e-10 s                 ; 6.31e-10 s                 ; No                        ; No                        ;
; vga_r[5]      ; 3.3-V LVCMOS ; 0 s                 ; 0 s                 ; 3.46 V                       ; 2.95e-07 V                   ; 3.52 V              ; -0.0582 V           ; 0.201 V                              ; 0.186 V                              ; 6.35e-10 s                  ; 6.31e-10 s                  ; No                         ; No                         ; 3.46 V                      ; 2.95e-07 V                  ; 3.52 V             ; -0.0582 V          ; 0.201 V                             ; 0.186 V                             ; 6.35e-10 s                 ; 6.31e-10 s                 ; No                        ; No                        ;
; vga_r[6]      ; 3.3-V LVCMOS ; 0 s                 ; 0 s                 ; 3.46 V                       ; 2.95e-07 V                   ; 3.52 V              ; -0.0582 V           ; 0.201 V                              ; 0.186 V                              ; 6.35e-10 s                  ; 6.31e-10 s                  ; No                         ; No                         ; 3.46 V                      ; 2.95e-07 V                  ; 3.52 V             ; -0.0582 V          ; 0.201 V                             ; 0.186 V                             ; 6.35e-10 s                 ; 6.31e-10 s                 ; No                        ; No                        ;
; vga_r[7]      ; 3.3-V LVCMOS ; 0 s                 ; 0 s                 ; 3.46 V                       ; 2.95e-07 V                   ; 3.52 V              ; -0.0582 V           ; 0.201 V                              ; 0.186 V                              ; 6.35e-10 s                  ; 6.31e-10 s                  ; No                         ; No                         ; 3.46 V                      ; 2.95e-07 V                  ; 3.52 V             ; -0.0582 V          ; 0.201 V                             ; 0.186 V                             ; 6.35e-10 s                 ; 6.31e-10 s                 ; No                        ; No                        ;
; vga_g[0]      ; 3.3-V LVCMOS ; 0 s                 ; 0 s                 ; 3.46 V                       ; 2.95e-07 V                   ; 3.52 V              ; -0.0582 V           ; 0.201 V                              ; 0.186 V                              ; 6.35e-10 s                  ; 6.31e-10 s                  ; No                         ; No                         ; 3.46 V                      ; 2.95e-07 V                  ; 3.52 V             ; -0.0582 V          ; 0.201 V                             ; 0.186 V                             ; 6.35e-10 s                 ; 6.31e-10 s                 ; No                        ; No                        ;
; vga_g[1]      ; 3.3-V LVCMOS ; 0 s                 ; 0 s                 ; 3.46 V                       ; 2.95e-07 V                   ; 3.52 V              ; -0.0582 V           ; 0.201 V                              ; 0.186 V                              ; 6.35e-10 s                  ; 6.31e-10 s                  ; No                         ; No                         ; 3.46 V                      ; 2.95e-07 V                  ; 3.52 V             ; -0.0582 V          ; 0.201 V                             ; 0.186 V                             ; 6.35e-10 s                 ; 6.31e-10 s                 ; No                        ; No                        ;
; vga_g[2]      ; 3.3-V LVCMOS ; 0 s                 ; 0 s                 ; 3.46 V                       ; 2.95e-07 V                   ; 3.52 V              ; -0.0582 V           ; 0.201 V                              ; 0.186 V                              ; 6.35e-10 s                  ; 6.31e-10 s                  ; No                         ; No                         ; 3.46 V                      ; 2.95e-07 V                  ; 3.52 V             ; -0.0582 V          ; 0.201 V                             ; 0.186 V                             ; 6.35e-10 s                 ; 6.31e-10 s                 ; No                        ; No                        ;
; vga_g[3]      ; 3.3-V LVCMOS ; 0 s                 ; 0 s                 ; 3.46 V                       ; 2.95e-07 V                   ; 3.52 V              ; -0.0582 V           ; 0.201 V                              ; 0.186 V                              ; 6.35e-10 s                  ; 6.31e-10 s                  ; No                         ; No                         ; 3.46 V                      ; 2.95e-07 V                  ; 3.52 V             ; -0.0582 V          ; 0.201 V                             ; 0.186 V                             ; 6.35e-10 s                 ; 6.31e-10 s                 ; No                        ; No                        ;
; vga_g[4]      ; 3.3-V LVCMOS ; 0 s                 ; 0 s                 ; 3.46 V                       ; 2.95e-07 V                   ; 3.52 V              ; -0.0582 V           ; 0.201 V                              ; 0.186 V                              ; 6.35e-10 s                  ; 6.31e-10 s                  ; No                         ; No                         ; 3.46 V                      ; 2.95e-07 V                  ; 3.52 V             ; -0.0582 V          ; 0.201 V                             ; 0.186 V                             ; 6.35e-10 s                 ; 6.31e-10 s                 ; No                        ; No                        ;
; vga_g[5]      ; 3.3-V LVCMOS ; 0 s                 ; 0 s                 ; 3.46 V                       ; 2.95e-07 V                   ; 3.52 V              ; -0.0582 V           ; 0.201 V                              ; 0.186 V                              ; 6.35e-10 s                  ; 6.31e-10 s                  ; No                         ; No                         ; 3.46 V                      ; 2.95e-07 V                  ; 3.52 V             ; -0.0582 V          ; 0.201 V                             ; 0.186 V                             ; 6.35e-10 s                 ; 6.31e-10 s                 ; No                        ; No                        ;
; vga_g[6]      ; 3.3-V LVCMOS ; 0 s                 ; 0 s                 ; 3.46 V                       ; 2.95e-07 V                   ; 3.52 V              ; -0.0582 V           ; 0.201 V                              ; 0.186 V                              ; 6.35e-10 s                  ; 6.31e-10 s                  ; No                         ; No                         ; 3.46 V                      ; 2.95e-07 V                  ; 3.52 V             ; -0.0582 V          ; 0.201 V                             ; 0.186 V                             ; 6.35e-10 s                 ; 6.31e-10 s                 ; No                        ; No                        ;
; vga_g[7]      ; 3.3-V LVCMOS ; 0 s                 ; 0 s                 ; 3.46 V                       ; 2.95e-07 V                   ; 3.52 V              ; -0.0582 V           ; 0.201 V                              ; 0.186 V                              ; 6.35e-10 s                  ; 6.31e-10 s                  ; No                         ; No                         ; 3.46 V                      ; 2.95e-07 V                  ; 3.52 V             ; -0.0582 V          ; 0.201 V                             ; 0.186 V                             ; 6.35e-10 s                 ; 6.31e-10 s                 ; No                        ; No                        ;
; vga_b[0]      ; 3.3-V LVCMOS ; 0 s                 ; 0 s                 ; 3.46 V                       ; 2.95e-07 V                   ; 3.52 V              ; -0.0582 V           ; 0.201 V                              ; 0.186 V                              ; 6.35e-10 s                  ; 6.31e-10 s                  ; No                         ; No                         ; 3.46 V                      ; 2.95e-07 V                  ; 3.52 V             ; -0.0582 V          ; 0.201 V                             ; 0.186 V                             ; 6.35e-10 s                 ; 6.31e-10 s                 ; No                        ; No                        ;
; vga_b[1]      ; 3.3-V LVCMOS ; 0 s                 ; 0 s                 ; 3.46 V                       ; 2.95e-07 V                   ; 3.52 V              ; -0.0582 V           ; 0.201 V                              ; 0.186 V                              ; 6.35e-10 s                  ; 6.31e-10 s                  ; No                         ; No                         ; 3.46 V                      ; 2.95e-07 V                  ; 3.52 V             ; -0.0582 V          ; 0.201 V                             ; 0.186 V                             ; 6.35e-10 s                 ; 6.31e-10 s                 ; No                        ; No                        ;
; vga_b[2]      ; 3.3-V LVCMOS ; 0 s                 ; 0 s                 ; 3.46 V                       ; 2.95e-07 V                   ; 3.52 V              ; -0.0582 V           ; 0.201 V                              ; 0.186 V                              ; 6.35e-10 s                  ; 6.31e-10 s                  ; No                         ; No                         ; 3.46 V                      ; 2.95e-07 V                  ; 3.52 V             ; -0.0582 V          ; 0.201 V                             ; 0.186 V                             ; 6.35e-10 s                 ; 6.31e-10 s                 ; No                        ; No                        ;
; vga_b[3]      ; 3.3-V LVCMOS ; 0 s                 ; 0 s                 ; 3.46 V                       ; 2.95e-07 V                   ; 3.52 V              ; -0.0582 V           ; 0.201 V                              ; 0.186 V                              ; 6.35e-10 s                  ; 6.31e-10 s                  ; No                         ; No                         ; 3.46 V                      ; 2.95e-07 V                  ; 3.52 V             ; -0.0582 V          ; 0.201 V                             ; 0.186 V                             ; 6.35e-10 s                 ; 6.31e-10 s                 ; No                        ; No                        ;
; vga_b[4]      ; 3.3-V LVCMOS ; 0 s                 ; 0 s                 ; 3.46 V                       ; 2.95e-07 V                   ; 3.52 V              ; -0.0582 V           ; 0.201 V                              ; 0.186 V                              ; 6.35e-10 s                  ; 6.31e-10 s                  ; No                         ; No                         ; 3.46 V                      ; 2.95e-07 V                  ; 3.52 V             ; -0.0582 V          ; 0.201 V                             ; 0.186 V                             ; 6.35e-10 s                 ; 6.31e-10 s                 ; No                        ; No                        ;
; vga_b[5]      ; 3.3-V LVCMOS ; 0 s                 ; 0 s                 ; 3.46 V                       ; 2.95e-07 V                   ; 3.52 V              ; -0.0582 V           ; 0.201 V                              ; 0.186 V                              ; 6.35e-10 s                  ; 6.31e-10 s                  ; No                         ; No                         ; 3.46 V                      ; 2.95e-07 V                  ; 3.52 V             ; -0.0582 V          ; 0.201 V                             ; 0.186 V                             ; 6.35e-10 s                 ; 6.31e-10 s                 ; No                        ; No                        ;
; vga_b[6]      ; 3.3-V LVCMOS ; 0 s                 ; 0 s                 ; 3.46 V                       ; 2.95e-07 V                   ; 3.52 V              ; -0.0582 V           ; 0.201 V                              ; 0.186 V                              ; 6.35e-10 s                  ; 6.31e-10 s                  ; No                         ; No                         ; 3.46 V                      ; 2.95e-07 V                  ; 3.52 V             ; -0.0582 V          ; 0.201 V                             ; 0.186 V                             ; 6.35e-10 s                 ; 6.31e-10 s                 ; No                        ; No                        ;
; vga_b[7]      ; 3.3-V LVCMOS ; 0 s                 ; 0 s                 ; 3.46 V                       ; 2.95e-07 V                   ; 3.52 V              ; -0.0582 V           ; 0.201 V                              ; 0.186 V                              ; 6.35e-10 s                  ; 6.31e-10 s                  ; No                         ; No                         ; 3.46 V                      ; 2.95e-07 V                  ; 3.52 V             ; -0.0582 V          ; 0.201 V                             ; 0.186 V                             ; 6.35e-10 s                 ; 6.31e-10 s                 ; No                        ; No                        ;
; ~ALTERA_DCLK~ ; 2.5 V        ; 0 s                 ; 0 s                 ; 2.62 V                       ; 2.22e-08 V                   ; 2.74 V              ; -0.06 V             ; 0.158 V                              ; 0.08 V                               ; 2.68e-10 s                  ; 2.19e-10 s                  ; Yes                        ; Yes                        ; 2.62 V                      ; 2.22e-08 V                  ; 2.74 V             ; -0.06 V            ; 0.158 V                             ; 0.08 V                              ; 2.68e-10 s                 ; 2.19e-10 s                 ; Yes                       ; Yes                       ;
; ~ALTERA_nCEO~ ; 3.3-V LVTTL  ; 0 s                 ; 0 s                 ; 3.46 V                       ; 1.25e-07 V                   ; 3.57 V              ; -0.0855 V           ; 0.315 V                              ; 0.175 V                              ; 6.79e-10 s                  ; 6.15e-10 s                  ; No                         ; No                         ; 3.46 V                      ; 1.25e-07 V                  ; 3.57 V             ; -0.0855 V          ; 0.315 V                             ; 0.175 V                             ; 6.79e-10 s                 ; 6.15e-10 s                 ; No                        ; No                        ;
+---------------+--------------+---------------------+---------------------+------------------------------+------------------------------+---------------------+---------------------+--------------------------------------+--------------------------------------+-----------------------------+-----------------------------+----------------------------+----------------------------+-----------------------------+-----------------------------+--------------------+--------------------+-------------------------------------+-------------------------------------+----------------------------+----------------------------+---------------------------+---------------------------+


+-------------------------------------------------------------------------------------------------------------------------------------------------------+
; Setup Transfers                                                                                                                                       ;
+-----------------------------------------------------+-----------------------------------------------------+----------+----------+----------+----------+
; From Clock                                          ; To Clock                                            ; RR Paths ; FR Paths ; RF Paths ; FF Paths ;
+-----------------------------------------------------+-----------------------------------------------------+----------+----------+----------+----------+
; clock_1|altpll_component|auto_generated|pll1|clk[0] ; clock_1|altpll_component|auto_generated|pll1|clk[0] ; 643      ; 0        ; 408      ; 0        ;
+-----------------------------------------------------+-----------------------------------------------------+----------+----------+----------+----------+
Entries labeled "false path" only account for clock-to-clock false paths and not path-based false paths. As a result, actual path counts may be lower than reported.


+-------------------------------------------------------------------------------------------------------------------------------------------------------+
; Hold Transfers                                                                                                                                        ;
+-----------------------------------------------------+-----------------------------------------------------+----------+----------+----------+----------+
; From Clock                                          ; To Clock                                            ; RR Paths ; FR Paths ; RF Paths ; FF Paths ;
+-----------------------------------------------------+-----------------------------------------------------+----------+----------+----------+----------+
; clock_1|altpll_component|auto_generated|pll1|clk[0] ; clock_1|altpll_component|auto_generated|pll1|clk[0] ; 643      ; 0        ; 408      ; 0        ;
+-----------------------------------------------------+-----------------------------------------------------+----------+----------+----------+----------+
Entries labeled "false path" only account for clock-to-clock false paths and not path-based false paths. As a result, actual path counts may be lower than reported.


---------------
; Report TCCS ;
---------------
No dedicated SERDES Transmitter circuitry present in device or used in design


---------------
; Report RSKM ;
---------------
No non-DPA dedicated SERDES Receiver circuitry present in device or used in design


+------------------------------------------------+
; Unconstrained Paths Summary                    ;
+---------------------------------+-------+------+
; Property                        ; Setup ; Hold ;
+---------------------------------+-------+------+
; Illegal Clocks                  ; 0     ; 0    ;
; Unconstrained Clocks            ; 0     ; 0    ;
; Unconstrained Input Ports       ; 3     ; 3    ;
; Unconstrained Input Port Paths  ; 91    ; 91   ;
; Unconstrained Output Ports      ; 26    ; 26   ;
; Unconstrained Output Port Paths ; 26    ; 26   ;
+---------------------------------+-------+------+


+-------------------------------------------------------------------------------------------------------------------------------------+
; Clock Status Summary                                                                                                                ;
+-----------------------------------------------------+-----------------------------------------------------+-----------+-------------+
; Target                                              ; Clock                                               ; Type      ; Status      ;
+-----------------------------------------------------+-----------------------------------------------------+-----------+-------------+
; clk                                                 ; clk                                                 ; Base      ; Constrained ;
; clock_1|altpll_component|auto_generated|pll1|clk[0] ; clock_1|altpll_component|auto_generated|pll1|clk[0] ; Generated ; Constrained ;
+-----------------------------------------------------+-----------------------------------------------------+-----------+-------------+


+---------------------------------------------------------------------------------------------------+
; Unconstrained Input Ports                                                                         ;
+------------+--------------------------------------------------------------------------------------+
; Input Port ; Comment                                                                              ;
+------------+--------------------------------------------------------------------------------------+
; resetn     ; No input delay, min/max delays, false-path exceptions, or max skew assignments found ;
; sw[0]      ; No input delay, min/max delays, false-path exceptions, or max skew assignments found ;
; sw[1]      ; No input delay, min/max delays, false-path exceptions, or max skew assignments found ;
+------------+--------------------------------------------------------------------------------------+


+-----------------------------------------------------------------------------------------------------+
; Unconstrained Output Ports                                                                          ;
+-------------+---------------------------------------------------------------------------------------+
; Output Port ; Comment                                                                               ;
+-------------+---------------------------------------------------------------------------------------+
; h_sync      ; No output delay, min/max delays, false-path exceptions, or max skew assignments found ;
; v_sync      ; No output delay, min/max delays, false-path exceptions, or max skew assignments found ;
; vga_b[0]    ; No output delay, min/max delays, false-path exceptions, or max skew assignments found ;
; vga_b[1]    ; No output delay, min/max delays, false-path exceptions, or max skew assignments found ;
; vga_b[2]    ; No output delay, min/max delays, false-path exceptions, or max skew assignments found ;
; vga_b[3]    ; No output delay, min/max delays, false-path exceptions, or max skew assignments found ;
; vga_b[4]    ; No output delay, min/max delays, false-path exceptions, or max skew assignments found ;
; vga_b[5]    ; No output delay, min/max delays, false-path exceptions, or max skew assignments found ;
; vga_b[6]    ; No output delay, min/max delays, false-path exceptions, or max skew assignments found ;
; vga_b[7]    ; No output delay, min/max delays, false-path exceptions, or max skew assignments found ;
; vga_g[0]    ; No output delay, min/max delays, false-path exceptions, or max skew assignments found ;
; vga_g[1]    ; No output delay, min/max delays, false-path exceptions, or max skew assignments found ;
; vga_g[2]    ; No output delay, min/max delays, false-path exceptions, or max skew assignments found ;
; vga_g[3]    ; No output delay, min/max delays, false-path exceptions, or max skew assignments found ;
; vga_g[4]    ; No output delay, min/max delays, false-path exceptions, or max skew assignments found ;
; vga_g[5]    ; No output delay, min/max delays, false-path exceptions, or max skew assignments found ;
; vga_g[6]    ; No output delay, min/max delays, false-path exceptions, or max skew assignments found ;
; vga_g[7]    ; No output delay, min/max delays, false-path exceptions, or max skew assignments found ;
; vga_r[0]    ; No output delay, min/max delays, false-path exceptions, or max skew assignments found ;
; vga_r[1]    ; No output delay, min/max delays, false-path exceptions, or max skew assignments found ;
; vga_r[2]    ; No output delay, min/max delays, false-path exceptions, or max skew assignments found ;
; vga_r[3]    ; No output delay, min/max delays, false-path exceptions, or max skew assignments found ;
; vga_r[4]    ; No output delay, min/max delays, false-path exceptions, or max skew assignments found ;
; vga_r[5]    ; No output delay, min/max delays, false-path exceptions, or max skew assignments found ;
; vga_r[6]    ; No output delay, min/max delays, false-path exceptions, or max skew assignments found ;
; vga_r[7]    ; No output delay, min/max delays, false-path exceptions, or max skew assignments found ;
+-------------+---------------------------------------------------------------------------------------+


+---------------------------------------------------------------------------------------------------+
; Unconstrained Input Ports                                                                         ;
+------------+--------------------------------------------------------------------------------------+
; Input Port ; Comment                                                                              ;
+------------+--------------------------------------------------------------------------------------+
; resetn     ; No input delay, min/max delays, false-path exceptions, or max skew assignments found ;
; sw[0]      ; No input delay, min/max delays, false-path exceptions, or max skew assignments found ;
; sw[1]      ; No input delay, min/max delays, false-path exceptions, or max skew assignments found ;
+------------+--------------------------------------------------------------------------------------+


+-----------------------------------------------------------------------------------------------------+
; Unconstrained Output Ports                                                                          ;
+-------------+---------------------------------------------------------------------------------------+
; Output Port ; Comment                                                                               ;
+-------------+---------------------------------------------------------------------------------------+
; h_sync      ; No output delay, min/max delays, false-path exceptions, or max skew assignments found ;
; v_sync      ; No output delay, min/max delays, false-path exceptions, or max skew assignments found ;
; vga_b[0]    ; No output delay, min/max delays, false-path exceptions, or max skew assignments found ;
; vga_b[1]    ; No output delay, min/max delays, false-path exceptions, or max skew assignments found ;
; vga_b[2]    ; No output delay, min/max delays, false-path exceptions, or max skew assignments found ;
; vga_b[3]    ; No output delay, min/max delays, false-path exceptions, or max skew assignments found ;
; vga_b[4]    ; No output delay, min/max delays, false-path exceptions, or max skew assignments found ;
; vga_b[5]    ; No output delay, min/max delays, false-path exceptions, or max skew assignments found ;
; vga_b[6]    ; No output delay, min/max delays, false-path exceptions, or max skew assignments found ;
; vga_b[7]    ; No output delay, min/max delays, false-path exceptions, or max skew assignments found ;
; vga_g[0]    ; No output delay, min/max delays, false-path exceptions, or max skew assignments found ;
; vga_g[1]    ; No output delay, min/max delays, false-path exceptions, or max skew assignments found ;
; vga_g[2]    ; No output delay, min/max delays, false-path exceptions, or max skew assignments found ;
; vga_g[3]    ; No output delay, min/max delays, false-path exceptions, or max skew assignments found ;
; vga_g[4]    ; No output delay, min/max delays, false-path exceptions, or max skew assignments found ;
; vga_g[5]    ; No output delay, min/max delays, false-path exceptions, or max skew assignments found ;
; vga_g[6]    ; No output delay, min/max delays, false-path exceptions, or max skew assignments found ;
; vga_g[7]    ; No output delay, min/max delays, false-path exceptions, or max skew assignments found ;
; vga_r[0]    ; No output delay, min/max delays, false-path exceptions, or max skew assignments found ;
; vga_r[1]    ; No output delay, min/max delays, false-path exceptions, or max skew assignments found ;
; vga_r[2]    ; No output delay, min/max delays, false-path exceptions, or max skew assignments found ;
; vga_r[3]    ; No output delay, min/max delays, false-path exceptions, or max skew assignments found ;
; vga_r[4]    ; No output delay, min/max delays, false-path exceptions, or max skew assignments found ;
; vga_r[5]    ; No output delay, min/max delays, false-path exceptions, or max skew assignments found ;
; vga_r[6]    ; No output delay, min/max delays, false-path exceptions, or max skew assignments found ;
; vga_r[7]    ; No output delay, min/max delays, false-path exceptions, or max skew assignments found ;
+-------------+---------------------------------------------------------------------------------------+


+--------------------------+
; Timing Analyzer Messages ;
+--------------------------+
Info: *******************************************************************
Info: Running Quartus Prime Timing Analyzer
    Info: Version 18.1.0 Build 625 09/12/2018 SJ Lite Edition
    Info: Processing started: Fri Jul 17 20:03:43 2026
Info: Command: quartus_sta Design_Game_VGA -c Design_Game_VGA
Info: qsta_default_script.tcl version: #1
Warning (18236): Number of processors has not been specified which may cause overloading on shared machines.  Set the global assignment NUM_PARALLEL_PROCESSORS in your QSF to an appropriate value for best performance.
Info (20030): Parallel compilation is enabled and will use 10 of the 10 processors detected
Info (21077): Low junction temperature is 0 degrees C
Info (21077): High junction temperature is 85 degrees C
Critical Warning (332012): Synopsys Design Constraints File file not found: 'Design_Game_VGA.sdc'. A Synopsys Design Constraints File is required by the Timing Analyzer to get proper timing constraints. Without it, the Compiler will not properly optimize the design.
Info (332142): No user constrained generated clocks found in the design. Calling "derive_pll_clocks -create_base_clocks"
Info (332110): Deriving PLL clocks
    Info (332110): create_clock -period 20.000 -waveform {0.000 10.000} -name clk clk
    Info (332110): create_generated_clock -source {clock_1|altpll_component|auto_generated|pll1|inclk[0]} -divide_by 20 -multiply_by 33 -duty_cycle 50.00 -name {clock_1|altpll_component|auto_generated|pll1|clk[0]} {clock_1|altpll_component|auto_generated|pll1|clk[0]}
Info (332142): No user constrained base clocks found in the design. Calling "derive_clocks -period 1.0"
Info (332096): The command derive_clocks did not find any clocks to derive.  No clocks were created or changed.
Info (332143): No user constrained clock uncertainty found in the design. Calling "derive_clock_uncertainty"
Info (332123): Deriving Clock Uncertainty. Please refer to report_sdc in the Timing Analyzer to see clock uncertainties.
Info: Found TIMING_ANALYZER_REPORT_SCRIPT_INCLUDE_DEFAULT_ANALYSIS = ON
Info: Analyzing Slow 1200mV 85C Model
Info (332146): Worst-case setup slack is 1.792
    Info (332119):     Slack       End Point TNS Clock 
    Info (332119): ========= =================== =====================
    Info (332119):     1.792               0.000 clock_1|altpll_component|auto_generated|pll1|clk[0] 
Info (332146): Worst-case hold slack is 0.403
    Info (332119):     Slack       End Point TNS Clock 
    Info (332119): ========= =================== =====================
    Info (332119):     0.403               0.000 clock_1|altpll_component|auto_generated|pll1|clk[0] 
Info (332140): No Recovery paths to report
Info (332140): No Removal paths to report
Info (332146): Worst-case minimum pulse width slack is 5.770
    Info (332119):     Slack       End Point TNS Clock 
    Info (332119): ========= =================== =====================
    Info (332119):     5.770               0.000 clock_1|altpll_component|auto_generated|pll1|clk[0] 
    Info (332119):     9.819               0.000 clk 
Info: Analyzing Slow 1200mV 0C Model
Info (334003): Started post-fitting delay annotation
Info (334004): Delay annotation completed successfully
Info (332123): Deriving Clock Uncertainty. Please refer to report_sdc in the Timing Analyzer to see clock uncertainties.
Info (332146): Worst-case setup slack is 2.136
    Info (332119):     Slack       End Point TNS Clock 
    Info (332119): ========= =================== =====================
    Info (332119):     2.136               0.000 clock_1|altpll_component|auto_generated|pll1|clk[0] 
Info (332146): Worst-case hold slack is 0.355
    Info (332119):     Slack       End Point TNS Clock 
    Info (332119): ========= =================== =====================
    Info (332119):     0.355               0.000 clock_1|altpll_component|auto_generated|pll1|clk[0] 
Info (332140): No Recovery paths to report
Info (332140): No Removal paths to report
Info (332146): Worst-case minimum pulse width slack is 5.772
    Info (332119):     Slack       End Point TNS Clock 
    Info (332119): ========= =================== =====================
    Info (332119):     5.772               0.000 clock_1|altpll_component|auto_generated|pll1|clk[0] 
    Info (332119):     9.799               0.000 clk 
Info: Analyzing Fast 1200mV 0C Model
Info (332123): Deriving Clock Uncertainty. Please refer to report_sdc in the Timing Analyzer to see clock uncertainties.
Info (332146): Worst-case setup slack is 4.036
    Info (332119):     Slack       End Point TNS Clock 
    Info (332119): ========= =================== =====================
    Info (332119):     4.036               0.000 clock_1|altpll_component|auto_generated|pll1|clk[0] 
Info (332146): Worst-case hold slack is 0.182
    Info (332119):     Slack       End Point TNS Clock 
    Info (332119): ========= =================== =====================
    Info (332119):     0.182               0.000 clock_1|altpll_component|auto_generated|pll1|clk[0] 
Info (332140): No Recovery paths to report
Info (332140): No Removal paths to report
Info (332146): Worst-case minimum pulse width slack is 5.834
    Info (332119):     Slack       End Point TNS Clock 
    Info (332119): ========= =================== =====================
    Info (332119):     5.834               0.000 clock_1|altpll_component|auto_generated|pll1|clk[0] 
    Info (332119):     9.400               0.000 clk 
Info (332102): Design is not fully constrained for setup requirements
Info (332102): Design is not fully constrained for hold requirements
Info: Quartus Prime Timing Analyzer was successful. 0 errors, 2 warnings
    Info: Peak virtual memory: 4906 megabytes
    Info: Processing ended: Fri Jul 17 20:03:47 2026
    Info: Elapsed time: 00:00:04
    Info: Total CPU time (on all processors): 00:00:03


